Date,Name,Icon,Type,Quantity,Units,Calories,Deleted
10/10/2012,Running,Running,Exercise,20,minutes,-248.677,0
10/10/2012,Weight Lifting,WeightTraining,Exercise,10,minutes,-70.647,0
07/31/2016,Microsoft Health Bonus,MicrosoftHealth,Exercise,0,minutes,-14.0,0
07/30/2016,Microsoft Health Bonus,MicrosoftHealth,Exercise,0,minutes,-333.0,0
07/29/2016,Microsoft Health Bonus,MicrosoftHealth,Exercise,0,minutes,-0.0,0
07/28/2016,Microsoft Health Bonus,MicrosoftHealth,Exercise,0,minutes,-220.0,0
07/27/2016,Microsoft Health Bonus,MicrosoftHealth,Exercise,0,minutes,-122.0,0
07/26/2016,Microsoft Health Bonus,MicrosoftHealth,Exercise,0,minutes,-172.0,0
07/25/2016,Microsoft Health Bonus,MicrosoftHealth,Exercise,0,minutes,-79.0,0
07/24/2016,Microsoft Health Bonus,MicrosoftHealth,Exercise,0,minutes,-133.0,0
08/01/2016,Microsoft Health Bonus,MicrosoftHealth,Exercise,0,minutes,-182.0,0
08/02/2016,Microsoft Health Bonus,MicrosoftHealth,Exercise,0,minutes,-16.0,0
08/03/2016,Microsoft Health Bonus,MicrosoftHealth,Exercise,0,minutes,-113.0,0
08/04/2016,Microsoft Health Bonus,MicrosoftHealth,Exercise,0,minutes,-340.0,0
08/05/2016,Microsoft Health Bonus,MicrosoftHealth,Exercise,0,minutes,-59.0,0
08/06/2016,Microsoft Health Bonus,MicrosoftHealth,Exercise,0,minutes,-81.0,0
08/07/2016,Microsoft Health Bonus,MicrosoftHealth,Exercise,0,minutes,-0.0,0
08/08/2016,Microsoft Health Bonus,MicrosoftHealth,Exercise,0,minutes,-100.0,0
08/09/2016,Microsoft Health Bonus,MicrosoftHealth,Exercise,0,minutes,-257.0,0
08/10/2016,Microsoft Health Bonus,MicrosoftHealth,Exercise,0,minutes,-250.0,0
08/11/2016,Microsoft Health Bonus,MicrosoftHealth,Exercise,0,minutes,-229.0,0
08/12/2016,Microsoft Health Bonus,MicrosoftHealth,Exercise,0,minutes,-307.0,0
08/13/2016,Microsoft Health Bonus,MicrosoftHealth,Exercise,0,minutes,-182.0,0
08/14/2016,Microsoft Health Bonus,MicrosoftHealth,Exercise,0,minutes,-197.0,0
08/15/2016,Microsoft Health Bonus,MicrosoftHealth,Exercise,0,minutes,-192.0,0
08/16/2016,Microsoft Health Bonus,MicrosoftHealth,Exercise,0,minutes,-148.0,0
08/17/2016,Microsoft Health Bonus,MicrosoftHealth,Exercise,0,minutes,-181.0,0
08/18/2016,Microsoft Health Bonus,MicrosoftHealth,Exercise,0,minutes,-112.0,0
08/19/2016,Microsoft Health Bonus,MicrosoftHealth,Exercise,0,minutes,-179.0,0
08/20/2016,Microsoft Health Bonus,MicrosoftHealth,Exercise,0,minutes,-80.0,0
08/21/2016,Microsoft Health Bonus,MicrosoftHealth,Exercise,0,minutes,-0.0,0
08/22/2016,Microsoft Health Bonus,MicrosoftHealth,Exercise,0,minutes,-586.0,0
08/23/2016,Microsoft Health Bonus,MicrosoftHealth,Exercise,0,minutes,-420.0,0
08/24/2016,Microsoft Health Bonus,MicrosoftHealth,Exercise,0,minutes,-116.0,0
08/25/2016,Microsoft Health Bonus,MicrosoftHealth,Exercise,0,minutes,-209.0,0
08/26/2016,Microsoft Health Bonus,MicrosoftHealth,Exercise,0,minutes,-59.0,0
08/27/2016,Microsoft Health Bonus,MicrosoftHealth,Exercise,0,minutes,-70.0,0
08/28/2016,Microsoft Health Bonus,MicrosoftHealth,Exercise,0,minutes,-0.0,0
08/29/2016,Microsoft Health Bonus,MicrosoftHealth,Exercise,0,minutes,-197.0,0
08/30/2016,Microsoft Health Bonus,MicrosoftHealth,Exercise,0,minutes,-156.0,0
08/31/2016,Microsoft Health Bonus,MicrosoftHealth,Exercise,0,minutes,-135.0,0
09/01/2016,Microsoft Health Bonus,MicrosoftHealth,Exercise,0,minutes,-242.0,0
09/02/2016,Microsoft Health Bonus,MicrosoftHealth,Exercise,0,minutes,-181.0,0
09/03/2016,Microsoft Health Bonus,MicrosoftHealth,Exercise,0,minutes,-191.0,0
09/06/2016,Microsoft Health Bonus,MicrosoftHealth,Exercise,0,minutes,-13.0,0
09/05/2016,Microsoft Health Bonus,MicrosoftHealth,Exercise,0,minutes,-120.0,0
09/04/2016,Microsoft Health Bonus,MicrosoftHealth,Exercise,0,minutes,-234.0,0
09/07/2016,Microsoft Health Bonus,MicrosoftHealth,Exercise,0,minutes,-117.0,0
09/08/2016,Microsoft Health Bonus,MicrosoftHealth,Exercise,0,minutes,-53.0,0
09/09/2016,Microsoft Health Bonus,MicrosoftHealth,Exercise,0,minutes,-154.0,0
09/10/2016,Microsoft Health Bonus,MicrosoftHealth,Exercise,0,minutes,-18.0,0
09/11/2016,Microsoft Health Bonus,MicrosoftHealth,Exercise,0,minutes,-160.0,0
09/12/2016,Microsoft Health Bonus,MicrosoftHealth,Exercise,0,minutes,-113.0,0
09/13/2016,Microsoft Health Bonus,MicrosoftHealth,Exercise,0,minutes,-55.0,0
09/14/2016,Microsoft Health Bonus,MicrosoftHealth,Exercise,0,minutes,-73.0,0
09/15/2016,Microsoft Health Bonus,MicrosoftHealth,Exercise,0,minutes,-269.0,0
09/16/2016,Microsoft Health Bonus,MicrosoftHealth,Exercise,0,minutes,-95.0,0
09/17/2016,Microsoft Health Bonus,MicrosoftHealth,Exercise,0,minutes,-100.0,0
09/18/2016,Microsoft Health Bonus,MicrosoftHealth,Exercise,0,minutes,-121.0,0
09/19/2016,Microsoft Health Bonus,MicrosoftHealth,Exercise,0,minutes,-102.0,0
09/20/2016,Microsoft Health Bonus,MicrosoftHealth,Exercise,0,minutes,-197.0,0
09/21/2016,Microsoft Health Bonus,MicrosoftHealth,Exercise,0,minutes,-95.0,0
09/22/2016,Microsoft Health Bonus,MicrosoftHealth,Exercise,0,minutes,-228.0,0
09/23/2016,Microsoft Health Bonus,MicrosoftHealth,Exercise,0,minutes,-78.0,0
09/25/2016,Microsoft Health Bonus,MicrosoftHealth,Exercise,0,minutes,-77.0,0
09/24/2016,Microsoft Health Bonus,MicrosoftHealth,Exercise,0,minutes,-50.0,0
09/26/2016,Microsoft Health Bonus,MicrosoftHealth,Exercise,0,minutes,-141.0,0
09/27/2016,Microsoft Health Bonus,MicrosoftHealth,Exercise,0,minutes,-70.0,0
09/28/2016,Microsoft Health Bonus,MicrosoftHealth,Exercise,0,minutes,-12.0,0
09/29/2016,Microsoft Health Bonus,MicrosoftHealth,Exercise,0,minutes,-144.0,0
09/30/2016,Microsoft Health Bonus,MicrosoftHealth,Exercise,0,minutes,-49.0,0
10/03/2016,Microsoft Health Bonus,MicrosoftHealth,Exercise,0,minutes,-72.0,0
10/02/2016,Microsoft Health Bonus,MicrosoftHealth,Exercise,0,minutes,-82.0,0
10/01/2016,Microsoft Health Bonus,MicrosoftHealth,Exercise,0,minutes,-0.0,0
10/04/2016,Microsoft Health Bonus,MicrosoftHealth,Exercise,0,minutes,-96.0,0
07/15/2019,Steps Bonus,StepsBonus,Exercise,-1,minutes,-129.387,0
07/14/2019,Steps Bonus,StepsBonus,Exercise,-1,minutes,-0.0,0
07/16/2019,Steps Bonus,StepsBonus,Exercise,-1,minutes,-186.318,0
07/17/2019,Steps Bonus,StepsBonus,Exercise,-1,minutes,-212.195,0
07/18/2019,Steps Bonus,StepsBonus,Exercise,-1,minutes,-137.15,0
07/19/2019,Steps Bonus,StepsBonus,Exercise,-1,minutes,-0.0,0
08/16/2019,Steps Bonus,StepsBonus,Exercise,-1,minutes,-0.0,0
08/15/2019,Steps Bonus,StepsBonus,Exercise,-1,minutes,-131.975,0
09/01/2019,Steps Bonus,StepsBonus,Exercise,-1,minutes,-197.151,0
09/02/2019,Steps Bonus,StepsBonus,Exercise,-1,minutes,-41.5055,0
09/03/2019,Steps Bonus,StepsBonus,Exercise,-1,minutes,-94.9242,0
09/04/2019,Steps Bonus,StepsBonus,Exercise,-1,minutes,-66.7035,0
09/05/2019,Steps Bonus,StepsBonus,Exercise,-1,minutes,-76.9656,0
09/06/2019,Steps Bonus,StepsBonus,Exercise,-1,minutes,-184.031,0
09/07/2019,Steps Bonus,StepsBonus,Exercise,-1,minutes,-0.0,0
09/08/2019,Steps Bonus,StepsBonus,Exercise,-1,minutes,-0.0,0
09/09/2019,Steps Bonus,StepsBonus,Exercise,-1,minutes,-92.0157,0
09/10/2019,Steps Bonus,StepsBonus,Exercise,-1,minutes,-69.0118,0
09/11/2019,Steps Bonus,StepsBonus,Exercise,-1,minutes,-0.0,0
11/30/2019,Steps Bonus,StepsBonus,Exercise,-1,minutes,-17.7808,0
12/01/2019,Steps Bonus,StepsBonus,Exercise,-1,minutes,-115.956,0
12/02/2019,Steps Bonus,StepsBonus,Exercise,-1,minutes,-121.227,0
12/03/2019,Steps Bonus,StepsBonus,Exercise,-1,minutes,-102.779,0
12/04/2019,Steps Bonus,StepsBonus,Exercise,-1,minutes,-169.534,0
12/05/2019,Steps Bonus,StepsBonus,Exercise,-1,minutes,-128.435,0
12/06/2019,Steps Bonus,StepsBonus,Exercise,-1,minutes,-118.16,0
12/07/2019,Steps Bonus,StepsBonus,Exercise,-1,minutes,-25.6869,0
12/08/2019,Steps Bonus,StepsBonus,Exercise,-1,minutes,-0.0,0
12/09/2019,Steps Bonus,StepsBonus,Exercise,-1,minutes,-99.3122,0
12/10/2019,Steps Bonus,StepsBonus,Exercise,-1,minutes,-0.0,0
12/11/2019,Steps Bonus,StepsBonus,Exercise,-1,minutes,-97.1277,0
12/12/2019,Steps Bonus,StepsBonus,Exercise,-1,minutes,-38.3399,0
12/13/2019,Steps Bonus,StepsBonus,Exercise,-1,minutes,-61.3438,0
12/14/2019,Steps Bonus,StepsBonus,Exercise,-1,minutes,-0.0,0
12/15/2019,Steps Bonus,StepsBonus,Exercise,-1,minutes,-51.2468,0
12/16/2019,Steps Bonus,StepsBonus,Exercise,-1,minutes,-109.361,0
12/17/2019,Steps Bonus,StepsBonus,Exercise,-1,minutes,-90.0725,0
12/18/2019,Steps Bonus,StepsBonus,Exercise,-1,minutes,-112.591,0
12/19/2019,Steps Bonus,StepsBonus,Exercise,-1,minutes,-0.0,0
12/25/2019,Steps Bonus,StepsBonus,Exercise,-1,minutes,-0.0,0
12/26/2019,Steps Bonus,StepsBonus,Exercise,-1,minutes,-0.0,0
01/04/2020,Steps Bonus,StepsBonus,Exercise,-1,minutes,-0.0,0
01/05/2020,Steps Bonus,StepsBonus,Exercise,-1,minutes,-160.145,0
01/06/2020,Steps Bonus,StepsBonus,Exercise,-1,minutes,-28.2905,0
01/07/2020,Steps Bonus,StepsBonus,Exercise,-1,minutes,-123.999,0
01/08/2020,Steps Bonus,StepsBonus,Exercise,-1,minutes,-127.006,0
01/09/2020,Steps Bonus,StepsBonus,Exercise,-1,minutes,-60.9628,0
01/10/2020,Steps Bonus,StepsBonus,Exercise,-1,minutes,-0.0,0
01/11/2020,Steps Bonus,StepsBonus,Exercise,-1,minutes,-10.2621,0
01/12/2020,Steps Bonus,StepsBonus,Exercise,-1,minutes,-0.0,0
01/13/2020,Steps Bonus,StepsBonus,Exercise,-1,minutes,-118.014,0
01/16/2020,Steps Bonus,StepsBonus,Exercise,-1,minutes,-205.241,0
01/17/2020,Steps Bonus,StepsBonus,Exercise,-1,minutes,-101.478,0
01/18/2020,Steps Bonus,StepsBonus,Exercise,-1,minutes,-0.0,0
01/19/2020,Steps Bonus,StepsBonus,Exercise,-1,minutes,-0.0,0
01/20/2020,Steps Bonus,StepsBonus,Exercise,-1,minutes,-0.0,0
01/21/2020,Steps Bonus,StepsBonus,Exercise,-1,minutes,-133.785,0
02/04/2020,Steps Bonus,StepsBonus,Exercise,-1,minutes,-0.0,0
02/05/2020,Steps Bonus,StepsBonus,Exercise,-1,minutes,-5.04848,0
02/19/2020,Steps Bonus,StepsBonus,Exercise,-1,minutes,-0.0,0
02/20/2020,Steps Bonus,StepsBonus,Exercise,-1,minutes,-217.085,0
06/03/2020,Google Fit Workout,GoogleFit,Exercise,29,minutes,-125.928,0
06/04/2020,Google Fit Workout,GoogleFit,Exercise,52,minutes,-224.536,0
06/05/2020,Google Fit Workout,GoogleFit,Exercise,66,minutes,-282.986,0
06/08/2020,Google Fit Workout,GoogleFit,Exercise,24,minutes,-105.879,0
06/09/2020,Google Fit Workout,GoogleFit,Exercise,25,minutes,-107.753,0
06/08/2020,Steps Bonus,StepsBonus,Exercise,-1,minutes,-12.6212,0
06/09/2020,Steps Bonus,StepsBonus,Exercise,-1,minutes,-0.0,0
06/18/2020,Google Fit Workout,GoogleFit,Exercise,32,minutes,-141.022,0
06/22/2020,Google Fit Workout,GoogleFit,Exercise,21,minutes,-92.9973,0
06/23/2020,Google Fit Workout,GoogleFit,Exercise,27,minutes,-117.097,0
06/24/2020,Google Fit Workout,GoogleFit,Exercise,27,minutes,-116.989,0
06/25/2020,Steps Bonus,StepsBonus,Exercise,-1,minutes,-89.6026,0
06/24/2020,Steps Bonus,StepsBonus,Exercise,-1,minutes,-78.2514,0
06/25/2020,Google Fit Workout,GoogleFit,Exercise,27,minutes,-121.838,0
06/26/2020,Steps Bonus,StepsBonus,Exercise,-1,minutes,-39.4829,0
06/26/2020,Google Fit Workout,GoogleFit,Exercise,23,minutes,-101.788,0
06/27/2020,Steps Bonus,StepsBonus,Exercise,-1,minutes,-41.9119,0
06/28/2020,Steps Bonus,StepsBonus,Exercise,-1,minutes,-0.0,0
06/29/2020,Steps Bonus,StepsBonus,Exercise,-1,minutes,-169.648,0
06/29/2020,Google Fit Workout,GoogleFit,Exercise,26,minutes,-114.099,0
06/30/2020,Steps Bonus,StepsBonus,Exercise,-1,minutes,-41.6071,0
06/30/2020,Google Fit Workout,GoogleFit,Exercise,28,minutes,-124.442,0
07/01/2020,Steps Bonus,StepsBonus,Exercise,-1,minutes,-142.675,0
07/01/2020,Google Fit Workout,GoogleFit,Exercise,26,minutes,-114.306,0
07/02/2020,Steps Bonus,StepsBonus,Exercise,-1,minutes,-100.922,0
07/02/2020,Google Fit Workout,GoogleFit,Exercise,23,minutes,-102.411,0
07/03/2020,Steps Bonus,StepsBonus,Exercise,-1,minutes,-173.379,0
07/04/2020,Steps Bonus,StepsBonus,Exercise,-1,minutes,-215.837,0
07/05/2020,Steps Bonus,StepsBonus,Exercise,-1,minutes,-98.4549,0
07/06/2020,Steps Bonus,StepsBonus,Exercise,-1,minutes,-183.955,0
07/06/2020,Google Fit Workout,GoogleFit,Exercise,23,minutes,-101.223,0
07/07/2020,Steps Bonus,StepsBonus,Exercise,-1,minutes,-179.586,0
07/07/2020,Google Fit Workout,GoogleFit,Exercise,28,minutes,-123.901,0
07/08/2020,Steps Bonus,StepsBonus,Exercise,-1,minutes,-82.4013,0
07/08/2020,Google Fit Workout,GoogleFit,Exercise,33,minutes,-141.343,0
07/09/2020,Steps Bonus,StepsBonus,Exercise,-1,minutes,-75.2287,0
07/09/2020,Google Fit Workout,GoogleFit,Exercise,25,minutes,-107.503,0
07/10/2020,Steps Bonus,StepsBonus,Exercise,-1,minutes,-67.1162,0
07/10/2020,Google Fit Workout,GoogleFit,Exercise,25,minutes,-111.406,0
07/11/2020,Steps Bonus,StepsBonus,Exercise,-1,minutes,-106.097,0
07/12/2020,Steps Bonus,StepsBonus,Exercise,-1,minutes,-144.914,0
07/12/2020,Google Fit Workout,GoogleFit,Exercise,21,minutes,-226.774,0
07/13/2020,Steps Bonus,StepsBonus,Exercise,-1,minutes,-140.23,0
07/13/2020,Google Fit Workout,GoogleFit,Exercise,25,minutes,-110.644,0
07/14/2020,Steps Bonus,StepsBonus,Exercise,-1,minutes,-106.952,0
07/14/2020,Google Fit Workout,GoogleFit,Exercise,27,minutes,-116.926,0
07/15/2020,Steps Bonus,StepsBonus,Exercise,-1,minutes,-148.984,0
07/15/2020,Google Fit Workout,GoogleFit,Exercise,25,minutes,-109.342,0
07/16/2020,Steps Bonus,StepsBonus,Exercise,-1,minutes,-133.737,0
07/16/2020,Google Fit Workout,GoogleFit,Exercise,27,minutes,-119.201,0
07/17/2020,Steps Bonus,StepsBonus,Exercise,-1,minutes,-59.0799,0
07/17/2020,Google Fit Workout,GoogleFit,Exercise,57,minutes,-100.0,1
07/17/2020,Weight Lifting,WeightTraining,Exercise,20,minutes,-128.435,0
07/18/2020,Steps Bonus,StepsBonus,Exercise,-1,minutes,-182.603,0
07/18/2020,Google Fit Workout,GoogleFit,Exercise,22,minutes,-95.7597,0
07/18/2020,Google Fit Workout,GoogleFit,Exercise,15,minutes,-197.811,0
07/19/2020,Steps Bonus,StepsBonus,Exercise,-1,minutes,-205.749,0
07/19/2020,Google Fit Workout,GoogleFit,Exercise,18,minutes,-237.465,0
07/20/2020,Steps Bonus,StepsBonus,Exercise,-1,minutes,-90.0154,0
07/20/2020,Google Fit Workout,GoogleFit,Exercise,32,minutes,-137.27,0
07/21/2020,Steps Bonus,StepsBonus,Exercise,-1,minutes,-109.908,0
07/21/2020,Google Fit Workout,GoogleFit,Exercise,19,minutes,-84.3521,0
07/22/2020,Steps Bonus,StepsBonus,Exercise,-1,minutes,-94.5717,0
07/22/2020,Google Fit Workout,GoogleFit,Exercise,28,minutes,-120.654,0
07/23/2020,Steps Bonus,StepsBonus,Exercise,-1,minutes,-51.0563,0
07/23/2020,Google Fit Workout,GoogleFit,Exercise,25,minutes,-107.169,0
07/24/2020,Steps Bonus,StepsBonus,Exercise,-1,minutes,-0.0,0
09/21/2020,Google Fit Workout,GoogleFit,Exercise,24,minutes,-101.918,0
09/22/2020,Google Fit Workout,GoogleFit,Exercise,31,minutes,-132.039,0
09/23/2020,Google Fit Workout,GoogleFit,Exercise,66,minutes,-281.336,0
09/24/2020,Google Fit Workout,GoogleFit,Exercise,23,minutes,-98.6607,0
09/27/2020,Steps Bonus,StepsBonus,Exercise,-1,minutes,-45.9507,0
09/28/2020,Steps Bonus,StepsBonus,Exercise,-1,minutes,-66.3732,0
09/28/2020,Google Fit Workout,GoogleFit,Exercise,24,minutes,-102.119,0
09/29/2020,Steps Bonus,StepsBonus,Exercise,-1,minutes,-140.252,0
09/29/2020,Google Fit Workout,GoogleFit,Exercise,25,minutes,-111.824,0
09/30/2020,Steps Bonus,StepsBonus,Exercise,-1,minutes,-2.59727,0
09/30/2020,Google Fit Workout,GoogleFit,Exercise,38,minutes,-165.162,0
09/30/2020,Google Fit Workout,GoogleFit,Exercise,9,minutes,-42.7151,0
10/01/2020,Steps Bonus,StepsBonus,Exercise,-1,minutes,-124.516,0
10/01/2020,Google Fit Workout,GoogleFit,Exercise,23,minutes,-101.946,0
10/02/2020,Steps Bonus,StepsBonus,Exercise,-1,minutes,-106.358,0
10/02/2020,Google Fit Workout,GoogleFit,Exercise,75,minutes,-324.47,1
10/03/2020,Steps Bonus,StepsBonus,Exercise,-1,minutes,-46.6937,0
10/04/2020,Steps Bonus,StepsBonus,Exercise,-1,minutes,-121.922,0
10/05/2020,Steps Bonus,StepsBonus,Exercise,-1,minutes,-31.1291,0
10/05/2020,Google Fit Workout,GoogleFit,Exercise,28,minutes,-124.111,1
10/06/2020,Steps Bonus,StepsBonus,Exercise,-1,minutes,-89.9042,0
10/06/2020,Google Fit Workout,GoogleFit,Exercise,30,minutes,-129.794,1
10/07/2020,Steps Bonus,StepsBonus,Exercise,-1,minutes,-111.0,0
10/07/2020,Google Fit Workout,GoogleFit,Exercise,32,minutes,-141.176,1
10/08/2020,Steps Bonus,StepsBonus,Exercise,-1,minutes,-116.163,0
10/08/2020,Google Fit Workout,GoogleFit,Exercise,29,minutes,-125.608,1
10/09/2020,Steps Bonus,StepsBonus,Exercise,-1,minutes,-82.2997,0
10/09/2020,Google Fit Workout,GoogleFit,Exercise,22,minutes,-97.5735,1
10/10/2020,Steps Bonus,StepsBonus,Exercise,-1,minutes,-102.875,0
10/11/2020,Steps Bonus,StepsBonus,Exercise,-1,minutes,-0.0,0
10/12/2020,Steps Bonus,StepsBonus,Exercise,-1,minutes,-181.974,0
10/12/2020,Google Fit Workout,GoogleFit,Exercise,19,minutes,-82.9116,1
10/13/2020,Google Fit Workout,GoogleFit,Exercise,25,minutes,-108.456,1
10/13/2020,Steps Bonus,StepsBonus,Exercise,-1,minutes,-166.139,0
10/14/2020,Steps Bonus,StepsBonus,Exercise,-1,minutes,-102.24,0
10/14/2020,Google Fit Workout,GoogleFit,Exercise,26,minutes,-112.517,1
10/15/2020,Steps Bonus,StepsBonus,Exercise,-1,minutes,-134.794,0
10/15/2020,Google Fit Workout,GoogleFit,Exercise,33,minutes,-142.533,1
10/16/2020,Steps Bonus,StepsBonus,Exercise,-1,minutes,-84.0334,0
10/16/2020,Google Fit Workout,GoogleFit,Exercise,31,minutes,-132.417,1
10/17/2020,Steps Bonus,StepsBonus,Exercise,-1,minutes,-76.1082,0
10/18/2020,Steps Bonus,StepsBonus,Exercise,-1,minutes,-143.701,0
10/19/2020,Steps Bonus,StepsBonus,Exercise,-1,minutes,-50.4848,0
10/19/2020,Google Fit Workout,GoogleFit,Exercise,23,minutes,-100.183,1
10/20/2020,Steps Bonus,StepsBonus,Exercise,-1,minutes,-231.646,0
10/21/2020,Steps Bonus,StepsBonus,Exercise,-1,minutes,-90.3011,0
10/21/2020,Google Fit Workout,GoogleFit,Exercise,28,minutes,-119.217,1
10/22/2020,Steps Bonus,StepsBonus,Exercise,-1,minutes,-121.011,0
10/22/2020,Google Fit Workout,GoogleFit,Exercise,22,minutes,-94.6763,1
10/23/2020,Steps Bonus,StepsBonus,Exercise,-1,minutes,-17.6475,0
10/23/2020,Google Fit Workout,GoogleFit,Exercise,26,minutes,-112.527,1
10/24/2020,Steps Bonus,StepsBonus,Exercise,-1,minutes,-163.869,0
10/25/2020,Steps Bonus,StepsBonus,Exercise,-1,minutes,-183.806,0
10/26/2020,Steps Bonus,StepsBonus,Exercise,-1,minutes,-105.218,0
10/26/2020,Google Fit Workout,GoogleFit,Exercise,21,minutes,-88.1234,1
10/27/2020,Steps Bonus,StepsBonus,Exercise,-1,minutes,-97.5785,0
10/27/2020,Google Fit Workout,GoogleFit,Exercise,20,minutes,-87.827,1
10/28/2020,Steps Bonus,StepsBonus,Exercise,-1,minutes,-142.434,0
10/28/2020,Google Fit Workout,GoogleFit,Exercise,21,minutes,-87.5577,1
10/29/2020,Steps Bonus,StepsBonus,Exercise,-1,minutes,-20.0669,0
10/29/2020,Google Fit Workout,GoogleFit,Exercise,25,minutes,-108.526,1
10/30/2020,Steps Bonus,StepsBonus,Exercise,-1,minutes,-100.081,0
10/30/2020,Google Fit Workout,GoogleFit,Exercise,24,minutes,-101.413,1
11/02/2020,Google Fit Workout,GoogleFit,Exercise,97,minutes,-405.661,0
11/03/2020,Google Fit Workout,GoogleFit,Exercise,23,minutes,-97.3667,0
11/09/2020,Google Fit Workout,GoogleFit,Exercise,12,minutes,-54.3568,0
11/13/2020,Google Fit Workout,GoogleFit,Exercise,21,minutes,-90.3522,0
11/23/2020,Google Fit Workout,GoogleFit,Exercise,21,minutes,-91.2625,0
11/24/2020,Google Fit Workout,GoogleFit,Exercise,1,minutes,-4.62207,0
11/24/2020,Google Fit Workout,GoogleFit,Exercise,1,minutes,-4.14775,0
11/24/2020,Google Fit Workout,GoogleFit,Exercise,0,minutes,-0.846727,0
11/24/2020,Google Fit Workout,GoogleFit,Exercise,0,minutes,-0.618034,0
12/12/2020,Steps Bonus,StepsBonus,Exercise,-1,minutes,-0.0,0
12/13/2020,Steps Bonus,StepsBonus,Exercise,-1,minutes,-330.612,0
12/14/2020,Steps Bonus,StepsBonus,Exercise,-1,minutes,-52.8979,0
12/15/2020,Steps Bonus,StepsBonus,Exercise,-1,minutes,-15.8694,0
12/16/2020,Steps Bonus,StepsBonus,Exercise,-1,minutes,-0.0,0
12/17/2020,Steps Bonus,StepsBonus,Exercise,-1,minutes,-0.0,0
12/18/2020,Steps Bonus,StepsBonus,Exercise,-1,minutes,-0.0,0
12/19/2020,Steps Bonus,StepsBonus,Exercise,-1,minutes,-37.0286,0
12/20/2020,Steps Bonus,StepsBonus,Exercise,-1,minutes,-21.1592,0
12/21/2020,Steps Bonus,StepsBonus,Exercise,-1,minutes,-92.5714,0
12/22/2020,Steps Bonus,StepsBonus,Exercise,-1,minutes,-100.506,0
12/23/2020,Steps Bonus,StepsBonus,Exercise,-1,minutes,-55.5428,0
12/24/2020,Steps Bonus,StepsBonus,Exercise,-1,minutes,-105.796,0
12/25/2020,Steps Bonus,StepsBonus,Exercise,-1,minutes,-31.7388,0
12/26/2020,Steps Bonus,StepsBonus,Exercise,-1,minutes,-0.0,0
12/27/2020,Steps Bonus,StepsBonus,Exercise,-1,minutes,-100.506,0
12/28/2020,Steps Bonus,StepsBonus,Exercise,-1,minutes,-150.759,0
12/29/2020,Steps Bonus,StepsBonus,Exercise,-1,minutes,-148.114,0
12/30/2020,Steps Bonus,StepsBonus,Exercise,-1,minutes,-195.722,0
12/31/2020,Steps Bonus,StepsBonus,Exercise,-1,minutes,-171.918,0
01/01/2021,Steps Bonus,StepsBonus,Exercise,-1,minutes,-137.535,0
01/02/2021,Steps Bonus,StepsBonus,Exercise,-1,minutes,-232.751,0
01/03/2021,Steps Bonus,StepsBonus,Exercise,-1,minutes,-142.824,0
01/04/2021,Steps Bonus,StepsBonus,Exercise,-1,minutes,-79.3469,0
01/05/2021,Steps Bonus,StepsBonus,Exercise,-1,minutes,-89.9265,0
01/06/2021,Steps Bonus,StepsBonus,Exercise,-1,minutes,-132.245,0
01/07/2021,Steps Bonus,StepsBonus,Exercise,-1,minutes,-166.629,0
01/08/2021,Steps Bonus,StepsBonus,Exercise,-1,minutes,-50.253,0
01/09/2021,Steps Bonus,StepsBonus,Exercise,-1,minutes,-2.6449,0
01/10/2021,Steps Bonus,StepsBonus,Exercise,-1,minutes,-100.506,0
01/11/2021,Steps Bonus,StepsBonus,Exercise,-1,minutes,-0.0,0
01/12/2021,Steps Bonus,StepsBonus,Exercise,-1,minutes,-95.2163,0
01/13/2021,Steps Bonus,StepsBonus,Exercise,-1,minutes,-97.8612,0
01/14/2021,Steps Bonus,StepsBonus,Exercise,-1,minutes,-142.824,0
01/15/2021,Steps Bonus,StepsBonus,Exercise,-1,minutes,-74.0571,0
01/16/2021,Steps Bonus,StepsBonus,Exercise,-1,minutes,-157.465,0
01/17/2021,Steps Bonus,StepsBonus,Exercise,-1,minutes,-121.665,0
01/18/2021,Steps Bonus,StepsBonus,Exercise,-1,minutes,-34.3837,0
01/19/2021,Steps Bonus,StepsBonus,Exercise,-1,minutes,-81.9918,0
01/20/2021,Steps Bonus,StepsBonus,Exercise,-1,minutes,-58.1877,0
01/21/2021,Steps Bonus,StepsBonus,Exercise,-1,minutes,-81.9918,0
01/22/2021,Steps Bonus,StepsBonus,Exercise,-1,minutes,-34.3837,0
01/23/2021,Steps Bonus,StepsBonus,Exercise,-1,minutes,-169.273,0
01/24/2021,Steps Bonus,StepsBonus,Exercise,-1,minutes,-0.0,0
01/25/2021,Steps Bonus,StepsBonus,Exercise,-1,minutes,-0.0,0
01/26/2021,Steps Bonus,StepsBonus,Exercise,-1,minutes,-81.9918,0
01/27/2021,Steps Bonus,StepsBonus,Exercise,-1,minutes,-0.0,0
01/28/2021,Steps Bonus,StepsBonus,Exercise,-1,minutes,-7.93469,0
01/29/2021,Steps Bonus,StepsBonus,Exercise,-1,minutes,-0.0,0
01/30/2021,Steps Bonus,StepsBonus,Exercise,-1,minutes,-145.469,0
01/31/2021,Steps Bonus,StepsBonus,Exercise,-1,minutes,-97.8612,0
02/01/2021,Steps Bonus,StepsBonus,Exercise,-1,minutes,-39.6735,0
02/02/2021,Steps Bonus,StepsBonus,Exercise,-1,minutes,-0.0,0
02/03/2021,Steps Bonus,StepsBonus,Exercise,-1,minutes,-137.535,0
02/04/2021,Steps Bonus,StepsBonus,Exercise,-1,minutes,-50.253,0
02/05/2021,Steps Bonus,StepsBonus,Exercise,-1,minutes,-119.02,0
02/06/2021,Steps Bonus,StepsBonus,Exercise,-1,minutes,-0.0,0
02/07/2021,Steps Bonus,StepsBonus,Exercise,-1,minutes,-214.237,0
02/08/2021,Steps Bonus,StepsBonus,Exercise,-1,minutes,-68.7673,0
02/09/2021,Steps Bonus,StepsBonus,Exercise,-1,minutes,-203.657,0
02/10/2021,Steps Bonus,StepsBonus,Exercise,-1,minutes,-121.665,0
02/11/2021,Steps Bonus,StepsBonus,Exercise,-1,minutes,-60.8326,0
02/12/2021,Steps Bonus,StepsBonus,Exercise,-1,minutes,-52.8979,0
02/13/2021,Steps Bonus,StepsBonus,Exercise,-1,minutes,-232.751,0
02/14/2021,Steps Bonus,StepsBonus,Exercise,-1,minutes,-0.0,0
02/15/2021,Steps Bonus,StepsBonus,Exercise,-1,minutes,-203.657,0
02/16/2021,Steps Bonus,StepsBonus,Exercise,-1,minutes,-121.665,0
02/17/2021,Steps Bonus,StepsBonus,Exercise,-1,minutes,-50.253,0
02/18/2021,Steps Bonus,StepsBonus,Exercise,-1,minutes,-129.6,0
02/19/2021,Steps Bonus,StepsBonus,Exercise,-1,minutes,-132.245,0
02/20/2021,Steps Bonus,StepsBonus,Exercise,-1,minutes,-269.78,0
02/21/2021,Steps Bonus,StepsBonus,Exercise,-1,minutes,-58.1877,0
02/22/2021,Steps Bonus,StepsBonus,Exercise,-1,minutes,-100.506,0
02/23/2021,Steps Bonus,StepsBonus,Exercise,-1,minutes,-58.1877,0
02/24/2021,Steps Bonus,StepsBonus,Exercise,-1,minutes,-15.8694,0
02/25/2021,Steps Bonus,StepsBonus,Exercise,-1,minutes,-81.9918,0
02/26/2021,Steps Bonus,StepsBonus,Exercise,-1,minutes,-29.0939,0
02/27/2021,Steps Bonus,StepsBonus,Exercise,-1,minutes,-296.228,0
02/28/2021,Steps Bonus,StepsBonus,Exercise,-1,minutes,-119.02,0
03/01/2021,Steps Bonus,StepsBonus,Exercise,-1,minutes,-31.7388,0
03/02/2021,Steps Bonus,StepsBonus,Exercise,-1,minutes,-13.2245,0
03/03/2021,Steps Bonus,StepsBonus,Exercise,-1,minutes,-0.0,0
03/04/2021,Steps Bonus,StepsBonus,Exercise,-1,minutes,-37.0286,0
03/05/2021,Steps Bonus,StepsBonus,Exercise,-1,minutes,-60.8326,0
03/06/2021,Steps Bonus,StepsBonus,Exercise,-1,minutes,-74.0571,0
03/07/2021,Steps Bonus,StepsBonus,Exercise,-1,minutes,-47.6081,0
03/08/2021,Steps Bonus,StepsBonus,Exercise,-1,minutes,-79.3469,0
03/09/2021,Steps Bonus,StepsBonus,Exercise,-1,minutes,-15.8694,0
03/10/2021,Steps Bonus,StepsBonus,Exercise,-1,minutes,-71.4122,0
03/11/2021,Steps Bonus,StepsBonus,Exercise,-1,minutes,-31.7388,0
03/12/2021,Steps Bonus,StepsBonus,Exercise,-1,minutes,-108.441,0
03/13/2021,Steps Bonus,StepsBonus,Exercise,-1,minutes,-150.759,0
03/14/2021,Steps Bonus,StepsBonus,Exercise,-1,minutes,-47.6081,0
03/15/2021,Steps Bonus,StepsBonus,Exercise,-1,minutes,-68.7673,0
03/16/2021,Steps Bonus,StepsBonus,Exercise,-1,minutes,-76.702,0
03/17/2021,Steps Bonus,StepsBonus,Exercise,-1,minutes,-74.0571,0
03/18/2021,Steps Bonus,StepsBonus,Exercise,-1,minutes,-0.0,0
03/19/2021,Steps Bonus,StepsBonus,Exercise,-1,minutes,-52.8979,0
03/20/2021,Steps Bonus,StepsBonus,Exercise,-1,minutes,-148.114,0
03/21/2021,Steps Bonus,StepsBonus,Exercise,-1,minutes,-0.0,0
03/22/2021,Steps Bonus,StepsBonus,Exercise,-1,minutes,-119.02,0
03/23/2021,Steps Bonus,StepsBonus,Exercise,-1,minutes,-158.694,0
03/24/2021,Steps Bonus,StepsBonus,Exercise,-1,minutes,-23.8041,0
03/25/2021,Steps Bonus,StepsBonus,Exercise,-1,minutes,-0.0,0
03/26/2021,Steps Bonus,StepsBonus,Exercise,-1,minutes,-0.0,0
03/27/2021,Steps Bonus,StepsBonus,Exercise,-1,minutes,-0.0,0
03/28/2021,Steps Bonus,StepsBonus,Exercise,-1,minutes,-68.7673,0
03/29/2021,Steps Bonus,StepsBonus,Exercise,-1,minutes,-47.6081,0
03/30/2021,Steps Bonus,StepsBonus,Exercise,-1,minutes,-7.93469,0
03/31/2021,Steps Bonus,StepsBonus,Exercise,-1,minutes,-81.9918,0
04/01/2021,Steps Bonus,StepsBonus,Exercise,-1,minutes,-42.3184,0
04/02/2021,Steps Bonus,StepsBonus,Exercise,-1,minutes,-163.984,0
04/03/2021,Steps Bonus,StepsBonus,Exercise,-1,minutes,-142.824,0
04/04/2021,Steps Bonus,StepsBonus,Exercise,-1,minutes,-95.2163,0
04/05/2021,Steps Bonus,StepsBonus,Exercise,-1,minutes,-39.6735,0
04/06/2021,Steps Bonus,StepsBonus,Exercise,-1,minutes,-26.449,0
04/07/2021,Steps Bonus,StepsBonus,Exercise,-1,minutes,-13.2245,0
04/08/2021,Steps Bonus,StepsBonus,Exercise,-1,minutes,-68.7673,0
04/09/2021,Steps Bonus,StepsBonus,Exercise,-1,minutes,-92.5714,0
04/10/2021,Steps Bonus,StepsBonus,Exercise,-1,minutes,-203.657,0
04/11/2021,Steps Bonus,StepsBonus,Exercise,-1,minutes,-71.4122,0
04/12/2021,Steps Bonus,StepsBonus,Exercise,-1,minutes,-15.8694,0
04/13/2021,Steps Bonus,StepsBonus,Exercise,-1,minutes,-153.404,0
04/14/2021,Steps Bonus,StepsBonus,Exercise,-1,minutes,-5.28979,0
04/15/2021,Steps Bonus,StepsBonus,Exercise,-1,minutes,-68.7673,0
04/16/2021,Steps Bonus,StepsBonus,Exercise,-1,minutes,-68.7673,0
04/17/2021,Steps Bonus,StepsBonus,Exercise,-1,minutes,-182.498,0
04/18/2021,Steps Bonus,StepsBonus,Exercise,-1,minutes,-163.984,0
04/19/2021,Steps Bonus,StepsBonus,Exercise,-1,minutes,-92.5714,0
04/20/2021,Steps Bonus,StepsBonus,Exercise,-1,minutes,-42.3184,0
04/21/2021,Steps Bonus,StepsBonus,Exercise,-1,minutes,-60.8326,0
04/22/2021,Steps Bonus,StepsBonus,Exercise,-1,minutes,-26.449,0
04/23/2021,Steps Bonus,StepsBonus,Exercise,-1,minutes,-105.796,0
04/24/2021,Steps Bonus,StepsBonus,Exercise,-1,minutes,-0.0,0
04/25/2021,Steps Bonus,StepsBonus,Exercise,-1,minutes,-87.2816,0
04/26/2021,Steps Bonus,StepsBonus,Exercise,-1,minutes,-23.8041,0
04/27/2021,Steps Bonus,StepsBonus,Exercise,-1,minutes,-97.8612,0
04/28/2021,Steps Bonus,StepsBonus,Exercise,-1,minutes,-87.2816,0
04/29/2021,Steps Bonus,StepsBonus,Exercise,-1,minutes,-0.0,0
04/30/2021,Steps Bonus,StepsBonus,Exercise,-1,minutes,-2.6449,0
05/01/2021,Steps Bonus,StepsBonus,Exercise,-1,minutes,-198.367,0
05/02/2021,Steps Bonus,StepsBonus,Exercise,-1,minutes,-87.2816,0
05/03/2021,Steps Bonus,StepsBonus,Exercise,-1,minutes,-0.0,0
05/04/2021,Steps Bonus,StepsBonus,Exercise,-1,minutes,-76.702,0
05/05/2021,Steps Bonus,StepsBonus,Exercise,-1,minutes,-89.9265,0
05/06/2021,Steps Bonus,StepsBonus,Exercise,-1,minutes,-89.9265,0
05/07/2021,Steps Bonus,StepsBonus,Exercise,-1,minutes,-0.0,0
05/08/2021,Steps Bonus,StepsBonus,Exercise,-1,minutes,-71.4122,0
05/09/2021,Steps Bonus,StepsBonus,Exercise,-1,minutes,-230.106,0
05/10/2021,Steps Bonus,StepsBonus,Exercise,-1,minutes,-84.6367,0
05/11/2021,Steps Bonus,StepsBonus,Exercise,-1,minutes,-0.0,0
05/12/2021,Steps Bonus,StepsBonus,Exercise,-1,minutes,-18.5143,0
05/13/2021,Steps Bonus,StepsBonus,Exercise,-1,minutes,-0.0,0
05/14/2021,Steps Bonus,StepsBonus,Exercise,-1,minutes,-55.5428,0
05/15/2021,Steps Bonus,StepsBonus,Exercise,-1,minutes,-100.506,0
05/16/2021,Steps Bonus,StepsBonus,Exercise,-1,minutes,-0.0,0
05/17/2021,Steps Bonus,StepsBonus,Exercise,-1,minutes,-0.0,0
05/18/2021,Steps Bonus,StepsBonus,Exercise,-1,minutes,-0.0,0
05/19/2021,Steps Bonus,StepsBonus,Exercise,-1,minutes,-100.506,0
05/20/2021,Steps Bonus,StepsBonus,Exercise,-1,minutes,-21.1592,0
05/21/2021,Steps Bonus,StepsBonus,Exercise,-1,minutes,-148.114,0
05/22/2021,Steps Bonus,StepsBonus,Exercise,-1,minutes,-0.0,0
05/23/2021,Steps Bonus,StepsBonus,Exercise,-1,minutes,-0.0,0
05/24/2021,Steps Bonus,StepsBonus,Exercise,-1,minutes,-0.0,0
05/25/2021,Steps Bonus,StepsBonus,Exercise,-1,minutes,-52.8979,0
05/26/2021,Steps Bonus,StepsBonus,Exercise,-1,minutes,-7.93469,0
05/27/2021,Steps Bonus,StepsBonus,Exercise,-1,minutes,-0.0,0
05/28/2021,Steps Bonus,StepsBonus,Exercise,-1,minutes,-34.3837,0
05/29/2021,Steps Bonus,StepsBonus,Exercise,-1,minutes,-285.649,0
05/30/2021,Steps Bonus,StepsBonus,Exercise,-1,minutes,-267.135,0
05/31/2021,Steps Bonus,StepsBonus,Exercise,-1,minutes,-378.22,0
06/01/2021,Steps Bonus,StepsBonus,Exercise,-1,minutes,-0.0,0
06/02/2021,Steps Bonus,StepsBonus,Exercise,-1,minutes,-103.151,0
06/03/2021,Steps Bonus,StepsBonus,Exercise,-1,minutes,-42.3184,0
06/04/2021,Steps Bonus,StepsBonus,Exercise,-1,minutes,-29.0939,0
06/05/2021,Steps Bonus,StepsBonus,Exercise,-1,minutes,-42.3184,0
06/06/2021,Steps Bonus,StepsBonus,Exercise,-1,minutes,-0.0,0
06/07/2021,Steps Bonus,StepsBonus,Exercise,-1,minutes,-148.114,0
06/08/2021,Steps Bonus,StepsBonus,Exercise,-1,minutes,-79.3469,0
06/09/2021,Steps Bonus,StepsBonus,Exercise,-1,minutes,-26.449,0
06/10/2021,Steps Bonus,StepsBonus,Exercise,-1,minutes,-7.93469,0
06/11/2021,Steps Bonus,StepsBonus,Exercise,-1,minutes,-50.253,0
06/12/2021,Steps Bonus,StepsBonus,Exercise,-1,minutes,-134.89,0
06/13/2021,Steps Bonus,StepsBonus,Exercise,-1,minutes,-134.89,0
06/14/2021,Steps Bonus,StepsBonus,Exercise,-1,minutes,-60.8326,0
06/15/2021,Steps Bonus,StepsBonus,Exercise,-1,minutes,-39.6735,0
06/16/2021,Steps Bonus,StepsBonus,Exercise,-1,minutes,-0.0,0
06/17/2021,Steps Bonus,StepsBonus,Exercise,-1,minutes,-52.8979,0
06/18/2021,Steps Bonus,StepsBonus,Exercise,-1,minutes,-71.4122,0
06/19/2021,Steps Bonus,StepsBonus,Exercise,-1,minutes,-39.6735,0
06/20/2021,Steps Bonus,StepsBonus,Exercise,-1,minutes,-230.106,0
06/21/2021,Steps Bonus,StepsBonus,Exercise,-1,minutes,-0.0,0
06/22/2021,Steps Bonus,StepsBonus,Exercise,-1,minutes,-0.0,0
06/23/2021,Steps Bonus,StepsBonus,Exercise,-1,minutes,-5.28979,0
06/24/2021,Steps Bonus,StepsBonus,Exercise,-1,minutes,-0.0,0
06/25/2021,Steps Bonus,StepsBonus,Exercise,-1,minutes,-201.012,0
06/26/2021,Steps Bonus,StepsBonus,Exercise,-1,minutes,-50.253,0
06/27/2021,Steps Bonus,StepsBonus,Exercise,-1,minutes,-58.1877,0
06/28/2021,Steps Bonus,StepsBonus,Exercise,-1,minutes,-0.0,0
06/29/2021,Steps Bonus,StepsBonus,Exercise,-1,minutes,-23.8041,0
06/30/2021,Steps Bonus,StepsBonus,Exercise,-1,minutes,-29.0939,0
07/01/2021,Steps Bonus,StepsBonus,Exercise,-1,minutes,-0.0,0
07/02/2021,Steps Bonus,StepsBonus,Exercise,-1,minutes,-26.449,0
07/03/2021,Steps Bonus,StepsBonus,Exercise,-1,minutes,-177.208,0
07/04/2021,Steps Bonus,StepsBonus,Exercise,-1,minutes,-214.237,0
07/05/2021,Steps Bonus,StepsBonus,Exercise,-1,minutes,-31.7388,0
07/06/2021,Steps Bonus,StepsBonus,Exercise,-1,minutes,-2.6449,0
07/07/2021,Steps Bonus,StepsBonus,Exercise,-1,minutes,-0.0,0
07/08/2021,Steps Bonus,StepsBonus,Exercise,-1,minutes,-15.8694,0
07/09/2021,Steps Bonus,StepsBonus,Exercise,-1,minutes,-97.8612,0
07/10/2021,Steps Bonus,StepsBonus,Exercise,-1,minutes,-190.433,0
07/11/2021,Steps Bonus,StepsBonus,Exercise,-1,minutes,-0.0,0
07/12/2021,Steps Bonus,StepsBonus,Exercise,-1,minutes,-121.665,0
07/13/2021,Steps Bonus,StepsBonus,Exercise,-1,minutes,-71.4122,0
07/14/2021,Steps Bonus,StepsBonus,Exercise,-1,minutes,-0.0,0
07/15/2021,Steps Bonus,StepsBonus,Exercise,-1,minutes,-0.0,0
07/16/2021,Steps Bonus,StepsBonus,Exercise,-1,minutes,-0.0,0
07/17/2021,Steps Bonus,StepsBonus,Exercise,-1,minutes,-0.0,0
07/18/2021,Steps Bonus,StepsBonus,Exercise,-1,minutes,-58.1877,0
07/19/2021,Steps Bonus,StepsBonus,Exercise,-1,minutes,-0.0,0
07/20/2021,Steps Bonus,StepsBonus,Exercise,-1,minutes,-13.2245,0
07/21/2021,Steps Bonus,StepsBonus,Exercise,-1,minutes,-0.0,0
07/22/2021,Steps Bonus,StepsBonus,Exercise,-1,minutes,-42.3184,0
07/24/2021,Steps Bonus,StepsBonus,Exercise,-1,minutes,-1132.02,0
07/25/2021,Steps Bonus,StepsBonus,Exercise,-1,minutes,-0.0,0
07/26/2021,Steps Bonus,StepsBonus,Exercise,-1,minutes,-0.0,0
07/27/2021,Steps Bonus,StepsBonus,Exercise,-1,minutes,-66.1224,0
07/28/2021,Steps Bonus,StepsBonus,Exercise,-1,minutes,-357.061,0
07/29/2021,Steps Bonus,StepsBonus,Exercise,-1,minutes,-13.2245,0
07/30/2021,Steps Bonus,StepsBonus,Exercise,-1,minutes,-2.6449,0
07/31/2021,Steps Bonus,StepsBonus,Exercise,-1,minutes,-0.0,0
08/01/2021,Steps Bonus,StepsBonus,Exercise,-1,minutes,-74.0571,0
08/02/2021,Steps Bonus,StepsBonus,Exercise,-1,minutes,-84.6367,0
08/03/2021,Steps Bonus,StepsBonus,Exercise,-1,minutes,-15.8694,0
08/04/2021,Steps Bonus,StepsBonus,Exercise,-1,minutes,-0.0,0
08/05/2021,Steps Bonus,StepsBonus,Exercise,-1,minutes,-0.0,0
08/06/2021,Steps Bonus,StepsBonus,Exercise,-1,minutes,-0.0,0
08/07/2021,Steps Bonus,StepsBonus,Exercise,-1,minutes,-71.4122,0
08/08/2021,Steps Bonus,StepsBonus,Exercise,-1,minutes,-0.0,0
08/09/2021,Steps Bonus,StepsBonus,Exercise,-1,minutes,-0.0,0
08/10/2021,Steps Bonus,StepsBonus,Exercise,-1,minutes,-0.0,0
08/11/2021,Steps Bonus,StepsBonus,Exercise,-1,minutes,-0.0,0
08/12/2021,Steps Bonus,StepsBonus,Exercise,-1,minutes,-0.0,0
08/13/2021,Steps Bonus,StepsBonus,Exercise,-1,minutes,-0.0,0
08/14/2021,Steps Bonus,StepsBonus,Exercise,-1,minutes,-121.665,0
08/15/2021,Steps Bonus,StepsBonus,Exercise,-1,minutes,-7.93469,0
08/16/2021,Steps Bonus,StepsBonus,Exercise,-1,minutes,-55.5428,0
08/17/2021,Steps Bonus,StepsBonus,Exercise,-1,minutes,-0.0,0
08/18/2021,Steps Bonus,StepsBonus,Exercise,-1,minutes,-7.93469,0
08/19/2021,Steps Bonus,StepsBonus,Exercise,-1,minutes,-44.9632,0
08/20/2021,Steps Bonus,StepsBonus,Exercise,-1,minutes,-0.0,0
08/21/2021,Steps Bonus,StepsBonus,Exercise,-1,minutes,-0.0,0
08/22/2021,Steps Bonus,StepsBonus,Exercise,-1,minutes,-47.6081,0
08/23/2021,Steps Bonus,StepsBonus,Exercise,-1,minutes,-0.0,0
08/24/2021,Steps Bonus,StepsBonus,Exercise,-1,minutes,-97.8612,0
08/25/2021,Steps Bonus,StepsBonus,Exercise,-1,minutes,-76.702,0
08/26/2021,Steps Bonus,StepsBonus,Exercise,-1,minutes,-0.0,0
08/28/2021,Steps Bonus,StepsBonus,Exercise,-1,minutes,-42.3184,0
08/29/2021,Steps Bonus,StepsBonus,Exercise,-1,minutes,-34.3837,0
08/30/2021,Steps Bonus,StepsBonus,Exercise,-1,minutes,-0.0,0
08/31/2021,Steps Bonus,StepsBonus,Exercise,-1,minutes,-37.0286,0
09/01/2021,Steps Bonus,StepsBonus,Exercise,-1,minutes,-0.0,0
09/02/2021,Steps Bonus,StepsBonus,Exercise,-1,minutes,-0.0,0
09/03/2021,Steps Bonus,StepsBonus,Exercise,-1,minutes,-108.441,0
09/04/2021,Steps Bonus,StepsBonus,Exercise,-1,minutes,-7.93469,0
09/05/2021,Steps Bonus,StepsBonus,Exercise,-1,minutes,-63.4775,0
09/06/2021,Steps Bonus,StepsBonus,Exercise,-1,minutes,-58.1877,0
09/07/2021,Steps Bonus,StepsBonus,Exercise,-1,minutes,-76.702,0
09/08/2021,Steps Bonus,StepsBonus,Exercise,-1,minutes,-0.0,0
09/09/2021,Steps Bonus,StepsBonus,Exercise,-1,minutes,-0.0,0
09/10/2021,Steps Bonus,StepsBonus,Exercise,-1,minutes,-0.0,0
09/11/2021,Steps Bonus,StepsBonus,Exercise,-1,minutes,-0.0,0
09/12/2021,Steps Bonus,StepsBonus,Exercise,-1,minutes,-0.0,0
09/13/2021,Steps Bonus,StepsBonus,Exercise,-1,minutes,-0.0,0
09/19/2021,Steps Bonus,StepsBonus,Exercise,-1,minutes,-10.5796,0
09/20/2021,Steps Bonus,StepsBonus,Exercise,-1,minutes,-54.8761,0
09/21/2021,Steps Bonus,StepsBonus,Exercise,-1,minutes,-0.0,0
09/22/2021,Steps Bonus,StepsBonus,Exercise,-1,minutes,-124.821,0
09/23/2021,Steps Bonus,StepsBonus,Exercise,-1,minutes,-93.2731,0
09/24/2021,Steps Bonus,StepsBonus,Exercise,-1,minutes,-64.773,0
09/25/2021,Steps Bonus,StepsBonus,Exercise,-1,minutes,-67.3639,0
09/26/2021,Steps Bonus,StepsBonus,Exercise,-1,minutes,-0.0,0
09/27/2021,Steps Bonus,StepsBonus,Exercise,-1,minutes,-25.5599,0
09/28/2021,Steps Bonus,StepsBonus,Exercise,-1,minutes,-0.0,0
09/29/2021,Steps Bonus,StepsBonus,Exercise,-1,minutes,-77.0608,0
09/30/2021,Steps Bonus,StepsBonus,Exercise,-1,minutes,-0.0,0
10/01/2021,Steps Bonus,StepsBonus,Exercise,-1,minutes,-0.0,0
10/02/2021,Steps Bonus,StepsBonus,Exercise,-1,minutes,-85.3956,0
10/03/2021,Steps Bonus,StepsBonus,Exercise,-1,minutes,-165.209,0
10/04/2021,Steps Bonus,StepsBonus,Exercise,-1,minutes,-166.759,0
10/05/2021,Steps Bonus,StepsBonus,Exercise,-1,minutes,-0.0,0
10/06/2021,Steps Bonus,StepsBonus,Exercise,-1,minutes,-0.0,0
10/07/2021,Steps Bonus,StepsBonus,Exercise,-1,minutes,-7.68703,0
10/08/2021,Steps Bonus,StepsBonus,Exercise,-1,minutes,-102.494,0
10/09/2021,Steps Bonus,StepsBonus,Exercise,-1,minutes,-53.6759,0
10/10/2021,Steps Bonus,StepsBonus,Exercise,-1,minutes,-0.0,0
10/11/2021,Steps Bonus,StepsBonus,Exercise,-1,minutes,-0.0,0
10/12/2021,Steps Bonus,StepsBonus,Exercise,-1,minutes,-22.661,0
10/13/2021,Steps Bonus,StepsBonus,Exercise,-1,minutes,-98.4454,0
10/14/2021,Steps Bonus,StepsBonus,Exercise,-1,minutes,-70.2342,0
10/15/2021,Steps Bonus,StepsBonus,Exercise,-1,minutes,-0.0,0
10/16/2021,Steps Bonus,StepsBonus,Exercise,-1,minutes,-70.1453,0
10/17/2021,Steps Bonus,StepsBonus,Exercise,-1,minutes,-199.666,0
10/18/2021,Steps Bonus,StepsBonus,Exercise,-1,minutes,-0.0,0
10/19/2021,Steps Bonus,StepsBonus,Exercise,-1,minutes,-42.4263,0
10/20/2021,Steps Bonus,StepsBonus,Exercise,-1,minutes,-0.0,0
10/21/2021,Steps Bonus,StepsBonus,Exercise,-1,minutes,-12.4942,0
10/22/2021,Steps Bonus,StepsBonus,Exercise,-1,minutes,-0.0,0
10/23/2021,Steps Bonus,StepsBonus,Exercise,-1,minutes,-5.06118,0
10/24/2021,Steps Bonus,StepsBonus,Exercise,-1,minutes,-0.0,0
10/25/2021,Steps Bonus,StepsBonus,Exercise,-1,minutes,-0.0,0
10/26/2021,Steps Bonus,StepsBonus,Exercise,-1,minutes,-0.0,0
10/27/2021,Steps Bonus,StepsBonus,Exercise,-1,minutes,-0.0,0
10/28/2021,Steps Bonus,StepsBonus,Exercise,-1,minutes,-0.0,0
10/29/2021,Steps Bonus,StepsBonus,Exercise,-1,minutes,-0.0,0
10/30/2021,Steps Bonus,StepsBonus,Exercise,-1,minutes,-79.7597,0
10/31/2021,Steps Bonus,StepsBonus,Exercise,-1,minutes,-94.7146,0
11/01/2021,Steps Bonus,StepsBonus,Exercise,-1,minutes,-42.3723,0
11/02/2021,Steps Bonus,StepsBonus,Exercise,-1,minutes,-27.4174,0
11/03/2021,Steps Bonus,StepsBonus,Exercise,-1,minutes,-0.0,0
11/04/2021,Steps Bonus,StepsBonus,Exercise,-1,minutes,-0.0,0
11/05/2021,Steps Bonus,StepsBonus,Exercise,-1,minutes,-0.0,0
11/06/2021,Steps Bonus,StepsBonus,Exercise,-1,minutes,-0.0,0
11/07/2021,Steps Bonus,StepsBonus,Exercise,-1,minutes,-102.192,0
11/08/2021,Steps Bonus,StepsBonus,Exercise,-1,minutes,-109.67,0
11/09/2021,Steps Bonus,StepsBonus,Exercise,-1,minutes,-127.117,0
11/10/2021,Steps Bonus,StepsBonus,Exercise,-1,minutes,-186.937,0
11/11/2021,Steps Bonus,StepsBonus,Exercise,-1,minutes,-67.2972,0
11/12/2021,Steps Bonus,StepsBonus,Exercise,-1,minutes,-0.0,0
11/13/2021,Steps Bonus,StepsBonus,Exercise,-1,minutes,-0.0,0
11/14/2021,Steps Bonus,StepsBonus,Exercise,-1,minutes,-0.0,0
11/15/2021,Steps Bonus,StepsBonus,Exercise,-1,minutes,-122.132,0
11/16/2021,Steps Bonus,StepsBonus,Exercise,-1,minutes,-0.0,0
11/17/2021,Steps Bonus,StepsBonus,Exercise,-1,minutes,-77.2672,0
11/18/2021,Steps Bonus,StepsBonus,Exercise,-1,minutes,-42.7231,0
11/19/2021,Steps Bonus,StepsBonus,Exercise,-1,minutes,-59.8198,0
11/20/2021,Steps Bonus,StepsBonus,Exercise,-1,minutes,-49.8498,0
11/21/2021,Steps Bonus,StepsBonus,Exercise,-1,minutes,-64.8047,0
11/22/2021,Steps Bonus,StepsBonus,Exercise,-1,minutes,-127.117,0
11/23/2021,Steps Bonus,StepsBonus,Exercise,-1,minutes,-99.6996,0
11/24/2021,Steps Bonus,StepsBonus,Exercise,-1,minutes,-29.9099,0
11/25/2021,Steps Bonus,StepsBonus,Exercise,-1,minutes,-17.4474,0
11/26/2021,Steps Bonus,StepsBonus,Exercise,-1,minutes,-57.3273,0
11/27/2021,Steps Bonus,StepsBonus,Exercise,-1,minutes,-0.0,0
11/28/2021,Steps Bonus,StepsBonus,Exercise,-1,minutes,-52.3423,0
11/29/2021,Steps Bonus,StepsBonus,Exercise,-1,minutes,-0.0,0
11/30/2021,Steps Bonus,StepsBonus,Exercise,-1,minutes,-112.162,0
12/01/2021,Steps Bonus,StepsBonus,Exercise,-1,minutes,-79.7597,0
12/02/2021,Steps Bonus,StepsBonus,Exercise,-1,minutes,-0.0,0
12/03/2021,Steps Bonus,StepsBonus,Exercise,-1,minutes,-0.0,0
12/04/2021,Steps Bonus,StepsBonus,Exercise,-1,minutes,-0.0,0
12/05/2021,Steps Bonus,StepsBonus,Exercise,-1,minutes,-54.8348,0
12/06/2021,Steps Bonus,StepsBonus,Exercise,-1,minutes,-122.132,0
12/07/2021,Steps Bonus,StepsBonus,Exercise,-1,minutes,-129.609,0
12/08/2021,Steps Bonus,StepsBonus,Exercise,-1,minutes,-39.8798,0
12/09/2021,Steps Bonus,StepsBonus,Exercise,-1,minutes,-124.625,0
12/10/2021,Steps Bonus,StepsBonus,Exercise,-1,minutes,-0.0,0
12/11/2021,Steps Bonus,StepsBonus,Exercise,-1,minutes,-54.8348,0
12/12/2021,Steps Bonus,StepsBonus,Exercise,-1,minutes,-84.7447,0
12/13/2021,Steps Bonus,StepsBonus,Exercise,-1,minutes,-72.2822,0
12/14/2021,Steps Bonus,StepsBonus,Exercise,-1,minutes,-0.0,0
12/15/2021,Steps Bonus,StepsBonus,Exercise,-1,minutes,-17.4474,0
12/16/2021,Steps Bonus,StepsBonus,Exercise,-1,minutes,-37.3874,0
12/17/2021,Steps Bonus,StepsBonus,Exercise,-1,minutes,-264.204,0
12/18/2021,Steps Bonus,StepsBonus,Exercise,-1,minutes,-241.772,0
12/19/2021,Steps Bonus,StepsBonus,Exercise,-1,minutes,-0.0,0
12/20/2021,Steps Bonus,StepsBonus,Exercise,-1,minutes,-97.2071,0
12/21/2021,Steps Bonus,StepsBonus,Exercise,-1,minutes,-17.4474,0
12/22/2021,Steps Bonus,StepsBonus,Exercise,-1,minutes,-44.8648,0
12/23/2021,Steps Bonus,StepsBonus,Exercise,-1,minutes,-79.7597,0
12/24/2021,Steps Bonus,StepsBonus,Exercise,-1,minutes,-89.7296,0
12/25/2021,Steps Bonus,StepsBonus,Exercise,-1,minutes,-2.49249,0
12/26/2021,Steps Bonus,StepsBonus,Exercise,-1,minutes,-27.4174,0
12/27/2021,Steps Bonus,StepsBonus,Exercise,-1,minutes,-42.3723,0
12/28/2021,Steps Bonus,StepsBonus,Exercise,-1,minutes,-67.2972,0
12/29/2021,Steps Bonus,StepsBonus,Exercise,-1,minutes,-82.2522,0
12/30/2021,Steps Bonus,StepsBonus,Exercise,-1,minutes,-87.2372,0
12/31/2021,Steps Bonus,StepsBonus,Exercise,-1,minutes,-0.0,0
01/01/2022,Steps Bonus,StepsBonus,Exercise,-1,minutes,-40.6419,0
01/02/2022,Steps Bonus,StepsBonus,Exercise,-1,minutes,-71.1233,0
01/03/2022,Steps Bonus,StepsBonus,Exercise,-1,minutes,-83.8239,0
01/04/2022,Steps Bonus,StepsBonus,Exercise,-1,minutes,-88.9041,0
01/05/2022,Steps Bonus,StepsBonus,Exercise,-1,minutes,-91.4442,0
01/06/2022,Steps Bonus,StepsBonus,Exercise,-1,minutes,-91.4442,0
01/07/2022,Steps Bonus,StepsBonus,Exercise,-1,minutes,-0.0,0
01/08/2022,Steps Bonus,StepsBonus,Exercise,-1,minutes,-0.0,0
01/09/2022,Steps Bonus,StepsBonus,Exercise,-1,minutes,-36.584,0
01/10/2022,Steps Bonus,StepsBonus,Exercise,-1,minutes,-38.6971,0
01/11/2022,Steps Bonus,StepsBonus,Exercise,-1,minutes,-0.0,0
01/12/2022,Steps Bonus,StepsBonus,Exercise,-1,minutes,-18.092,0
01/13/2022,Steps Bonus,StepsBonus,Exercise,-1,minutes,-0.0,0
01/14/2022,Steps Bonus,StepsBonus,Exercise,-1,minutes,-101.479,0
01/15/2022,Steps Bonus,StepsBonus,Exercise,-1,minutes,-0.0,0
01/16/2022,Steps Bonus,StepsBonus,Exercise,-1,minutes,-161.326,0
01/17/2022,Steps Bonus,StepsBonus,Exercise,-1,minutes,-39.0305,0
01/18/2022,Steps Bonus,StepsBonus,Exercise,-1,minutes,-72.8569,0
01/19/2022,Steps Bonus,StepsBonus,Exercise,-1,minutes,-0.0,0
01/20/2022,Steps Bonus,StepsBonus,Exercise,-1,minutes,-13.0102,0
01/21/2022,Steps Bonus,StepsBonus,Exercise,-1,minutes,-52.0407,0
01/22/2022,Steps Bonus,StepsBonus,Exercise,-1,minutes,-28.6224,0
01/23/2022,Steps Bonus,StepsBonus,Exercise,-1,minutes,-0.0,0
01/24/2022,Steps Bonus,StepsBonus,Exercise,-1,minutes,-23.4183,0
01/25/2022,Steps Bonus,StepsBonus,Exercise,-1,minutes,-28.6224,0
01/26/2022,Steps Bonus,StepsBonus,Exercise,-1,minutes,-0.0,0
01/27/2022,Steps Bonus,StepsBonus,Exercise,-1,minutes,-46.8366,0
01/28/2022,Steps Bonus,StepsBonus,Exercise,-1,minutes,-0.0,0
01/29/2022,Steps Bonus,StepsBonus,Exercise,-1,minutes,-140.51,0
01/30/2022,Steps Bonus,StepsBonus,Exercise,-1,minutes,-10.4081,0
01/31/2022,Steps Bonus,StepsBonus,Exercise,-1,minutes,-54.6427,0
02/01/2022,Steps Bonus,StepsBonus,Exercise,-1,minutes,-171.734,0
02/02/2022,Steps Bonus,StepsBonus,Exercise,-1,minutes,-28.6224,0
02/03/2022,Steps Bonus,StepsBonus,Exercise,-1,minutes,-0.0,0
02/04/2022,Steps Bonus,StepsBonus,Exercise,-1,minutes,-36.4285,0
02/05/2022,Steps Bonus,StepsBonus,Exercise,-1,minutes,-98.8772,0
02/06/2022,Steps Bonus,StepsBonus,Exercise,-1,minutes,-0.0,0
02/07/2022,Steps Bonus,StepsBonus,Exercise,-1,minutes,-13.0102,0
02/08/2022,Steps Bonus,StepsBonus,Exercise,-1,minutes,-36.4285,0
02/09/2022,Steps Bonus,StepsBonus,Exercise,-1,minutes,-0.0,0
02/10/2022,Steps Bonus,StepsBonus,Exercise,-1,minutes,-26.0203,0
02/11/2022,Steps Bonus,StepsBonus,Exercise,-1,minutes,-52.0407,0
02/12/2022,Steps Bonus,StepsBonus,Exercise,-1,minutes,-119.693,0
02/13/2022,Steps Bonus,StepsBonus,Exercise,-1,minutes,-0.0,0
02/14/2022,Steps Bonus,StepsBonus,Exercise,-1,minutes,-130.102,0
02/15/2022,Steps Bonus,StepsBonus,Exercise,-1,minutes,-111.887,0
02/16/2022,Steps Bonus,StepsBonus,Exercise,-1,minutes,-20.8163,0
02/17/2022,Steps Bonus,StepsBonus,Exercise,-1,minutes,-39.0305,0
02/18/2022,Steps Bonus,StepsBonus,Exercise,-1,minutes,-0.0,0
02/19/2022,Steps Bonus,StepsBonus,Exercise,-1,minutes,-0.0,0
02/20/2022,Steps Bonus,StepsBonus,Exercise,-1,minutes,-44.2346,0
02/21/2022,Steps Bonus,StepsBonus,Exercise,-1,minutes,-140.51,0
02/22/2022,Steps Bonus,StepsBonus,Exercise,-1,minutes,-13.0102,0
02/23/2022,Steps Bonus,StepsBonus,Exercise,-1,minutes,-0.0,0
02/24/2022,Steps Bonus,StepsBonus,Exercise,-1,minutes,-96.2752,0
02/25/2022,Steps Bonus,StepsBonus,Exercise,-1,minutes,-0.0,0
02/26/2022,Steps Bonus,StepsBonus,Exercise,-1,minutes,-0.0,0
02/27/2022,Steps Bonus,StepsBonus,Exercise,-1,minutes,-2.60203,0
02/28/2022,Steps Bonus,StepsBonus,Exercise,-1,minutes,-0.0,0
03/01/2022,Steps Bonus,StepsBonus,Exercise,-1,minutes,-197.754,0
03/02/2022,Steps Bonus,StepsBonus,Exercise,-1,minutes,-0.0,0
03/03/2022,Steps Bonus,StepsBonus,Exercise,-1,minutes,-961.81,0
03/04/2022,Steps Bonus,StepsBonus,Exercise,-1,minutes,-0.0,0
03/05/2022,Steps Bonus,StepsBonus,Exercise,-1,minutes,-133.109,0
03/06/2022,Steps Bonus,StepsBonus,Exercise,-1,minutes,-91.349,0
03/07/2022,Steps Bonus,StepsBonus,Exercise,-1,minutes,-18.2698,0
03/08/2022,Steps Bonus,StepsBonus,Exercise,-1,minutes,-91.349,0
03/09/2022,Steps Bonus,StepsBonus,Exercise,-1,minutes,-0.0,0
03/10/2022,Steps Bonus,StepsBonus,Exercise,-1,minutes,-0.0,0
03/11/2022,Steps Bonus,StepsBonus,Exercise,-1,minutes,-0.0,0
03/12/2022,Steps Bonus,StepsBonus,Exercise,-1,minutes,-36.5396,0
03/13/2022,Steps Bonus,StepsBonus,Exercise,-1,minutes,-133.109,0
03/14/2022,Steps Bonus,StepsBonus,Exercise,-1,minutes,-109.619,0
03/15/2022,Steps Bonus,StepsBonus,Exercise,-1,minutes,-57.4194,0
03/16/2022,Steps Bonus,StepsBonus,Exercise,-1,minutes,-26.0997,0
03/17/2022,Steps Bonus,StepsBonus,Exercise,-1,minutes,-0.0,0
03/18/2022,Steps Bonus,StepsBonus,Exercise,-1,minutes,-135.718,0
03/19/2022,Steps Bonus,StepsBonus,Exercise,-1,minutes,-0.0,0
03/20/2022,Steps Bonus,StepsBonus,Exercise,-1,minutes,-20.8798,0
03/21/2022,Steps Bonus,StepsBonus,Exercise,-1,minutes,-0.0,0
03/22/2022,Steps Bonus,StepsBonus,Exercise,-1,minutes,-114.839,0
03/23/2022,Steps Bonus,StepsBonus,Exercise,-1,minutes,-15.6598,0
03/24/2022,Steps Bonus,StepsBonus,Exercise,-1,minutes,-0.0,0
03/25/2022,Steps Bonus,StepsBonus,Exercise,-1,minutes,-0.0,0
03/26/2022,Steps Bonus,StepsBonus,Exercise,-1,minutes,-41.7595,0
03/27/2022,Steps Bonus,StepsBonus,Exercise,-1,minutes,-172.258,0
03/28/2022,Steps Bonus,StepsBonus,Exercise,-1,minutes,-109.619,0
03/29/2022,Steps Bonus,StepsBonus,Exercise,-1,minutes,-172.258,0
03/30/2022,Steps Bonus,StepsBonus,Exercise,-1,minutes,-0.0,0
03/31/2022,Steps Bonus,StepsBonus,Exercise,-1,minutes,-7.82991,0
04/01/2022,Steps Bonus,StepsBonus,Exercise,-1,minutes,-122.669,0
04/02/2022,Steps Bonus,StepsBonus,Exercise,-1,minutes,-498.504,0
04/03/2022,Steps Bonus,StepsBonus,Exercise,-1,minutes,-266.217,0
04/04/2022,Steps Bonus,StepsBonus,Exercise,-1,minutes,-39.1496,0
04/05/2022,Steps Bonus,StepsBonus,Exercise,-1,minutes,-180.088,0
04/06/2022,Steps Bonus,StepsBonus,Exercise,-1,minutes,-0.0,0
04/07/2022,Steps Bonus,StepsBonus,Exercise,-1,minutes,-0.0,0
04/08/2022,Steps Bonus,StepsBonus,Exercise,-1,minutes,-0.0,0
04/09/2022,Steps Bonus,StepsBonus,Exercise,-1,minutes,-0.0,0
04/10/2022,Steps Bonus,StepsBonus,Exercise,-1,minutes,-0.0,0
04/11/2022,Steps Bonus,StepsBonus,Exercise,-1,minutes,-99.1789,0
04/12/2022,Steps Bonus,StepsBonus,Exercise,-1,minutes,-117.449,0
04/13/2022,Steps Bonus,StepsBonus,Exercise,-1,minutes,-0.0,0
04/14/2022,Steps Bonus,StepsBonus,Exercise,-1,minutes,-96.5689,0
04/15/2022,Steps Bonus,StepsBonus,Exercise,-1,minutes,-101.789,0
04/16/2022,Steps Bonus,StepsBonus,Exercise,-1,minutes,-0.0,0
04/17/2022,Steps Bonus,StepsBonus,Exercise,-1,minutes,-0.0,0
04/18/2022,Steps Bonus,StepsBonus,Exercise,-1,minutes,-107.009,0
04/19/2022,Steps Bonus,StepsBonus,Exercise,-1,minutes,-151.378,0
04/20/2022,Steps Bonus,StepsBonus,Exercise,-1,minutes,-156.598,0
04/21/2022,Steps Bonus,StepsBonus,Exercise,-1,minutes,-125.279,0
04/22/2022,Steps Bonus,StepsBonus,Exercise,-1,minutes,-0.0,0
04/23/2022,Steps Bonus,StepsBonus,Exercise,-1,minutes,-125.279,0
04/24/2022,Steps Bonus,StepsBonus,Exercise,-1,minutes,-31.3196,0
04/25/2022,Steps Bonus,StepsBonus,Exercise,-1,minutes,-86.129,0
04/26/2022,Steps Bonus,StepsBonus,Exercise,-1,minutes,-83.5191,0
04/27/2022,Steps Bonus,StepsBonus,Exercise,-1,minutes,-0.0,0
04/28/2022,Steps Bonus,StepsBonus,Exercise,-1,minutes,-0.0,0
04/29/2022,Steps Bonus,StepsBonus,Exercise,-1,minutes,-0.0,0
04/30/2022,Steps Bonus,StepsBonus,Exercise,-1,minutes,-104.399,0
05/01/2022,Steps Bonus,StepsBonus,Exercise,-1,minutes,-60.0293,0
05/02/2022,Steps Bonus,StepsBonus,Exercise,-1,minutes,-0.0,0
05/03/2022,Steps Bonus,StepsBonus,Exercise,-1,minutes,-177.478,0
05/04/2022,Steps Bonus,StepsBonus,Exercise,-1,minutes,-0.0,0
05/05/2022,Steps Bonus,StepsBonus,Exercise,-1,minutes,-0.0,0
05/08/2022,Steps Bonus,StepsBonus,Exercise,-1,minutes,-0.0,0
05/09/2022,Steps Bonus,StepsBonus,Exercise,-1,minutes,-107.009,0
05/10/2022,Steps Bonus,StepsBonus,Exercise,-1,minutes,-164.428,0
05/11/2022,Steps Bonus,StepsBonus,Exercise,-1,minutes,-73.0792,0
05/12/2022,Steps Bonus,StepsBonus,Exercise,-1,minutes,-284.487,0
05/13/2022,Steps Bonus,StepsBonus,Exercise,-1,minutes,-15.6598,0
05/14/2022,Steps Bonus,StepsBonus,Exercise,-1,minutes,-164.428,0
05/15/2022,Steps Bonus,StepsBonus,Exercise,-1,minutes,-20.8798,0
05/16/2022,Steps Bonus,StepsBonus,Exercise,-1,minutes,-113.321,0
05/17/2022,Steps Bonus,StepsBonus,Exercise,-1,minutes,-187.111,0
05/18/2022,Steps Bonus,StepsBonus,Exercise,-1,minutes,-0.0,0
05/19/2022,Steps Bonus,StepsBonus,Exercise,-1,minutes,-192.382,0
05/20/2022,Steps Bonus,StepsBonus,Exercise,-1,minutes,-15.8122,0
05/21/2022,Steps Bonus,StepsBonus,Exercise,-1,minutes,-147.581,0
05/22/2022,Steps Bonus,StepsBonus,Exercise,-1,minutes,-18.4476,0
05/23/2022,Steps Bonus,StepsBonus,Exercise,-1,minutes,-108.05,0
05/24/2022,Steps Bonus,StepsBonus,Exercise,-1,minutes,-100.144,0
05/25/2022,Steps Bonus,StepsBonus,Exercise,-1,minutes,-171.299,0
05/26/2022,Steps Bonus,StepsBonus,Exercise,-1,minutes,-44.8013,0
05/27/2022,Steps Bonus,StepsBonus,Exercise,-1,minutes,-176.57,0
05/28/2022,Steps Bonus,StepsBonus,Exercise,-1,minutes,-0.0,0
05/29/2022,Steps Bonus,StepsBonus,Exercise,-1,minutes,-0.0,0
05/30/2022,Steps Bonus,StepsBonus,Exercise,-1,minutes,-81.6965,0
05/31/2022,Steps Bonus,StepsBonus,Exercise,-1,minutes,-34.2598,0
06/01/2022,Steps Bonus,StepsBonus,Exercise,-1,minutes,-121.227,0
06/02/2022,Steps Bonus,StepsBonus,Exercise,-1,minutes,-0.0,0
06/03/2022,Steps Bonus,StepsBonus,Exercise,-1,minutes,-150.216,0
06/04/2022,Steps Bonus,StepsBonus,Exercise,-1,minutes,-482.273,0
06/05/2022,Steps Bonus,StepsBonus,Exercise,-1,minutes,-337.328,0
06/06/2022,Steps Bonus,StepsBonus,Exercise,-1,minutes,-0.0,0
06/07/2022,Steps Bonus,StepsBonus,Exercise,-1,minutes,-0.0,0
06/08/2022,Steps Bonus,StepsBonus,Exercise,-1,minutes,-79.1088,0
06/09/2022,Steps Bonus,StepsBonus,Exercise,-1,minutes,-0.0,0
06/10/2022,Steps Bonus,StepsBonus,Exercise,-1,minutes,-60.6501,0
06/11/2022,Steps Bonus,StepsBonus,Exercise,-1,minutes,-184.587,0
06/12/2022,Steps Bonus,StepsBonus,Exercise,-1,minutes,-121.665,0
06/13/2022,Steps Bonus,StepsBonus,Exercise,-1,minutes,-114.07,0
06/14/2022,Steps Bonus,StepsBonus,Exercise,-1,minutes,-130.26,0
06/15/2022,Steps Bonus,StepsBonus,Exercise,-1,minutes,-130.26,0
06/16/2022,Steps Bonus,StepsBonus,Exercise,-1,minutes,-55.1428,0
06/17/2022,Steps Bonus,StepsBonus,Exercise,-1,minutes,-108.952,0
06/18/2022,Steps Bonus,StepsBonus,Exercise,-1,minutes,-75.9654,0
06/19/2022,Steps Bonus,StepsBonus,Exercise,-1,minutes,-77.8228,0
06/20/2022,Steps Bonus,StepsBonus,Exercise,-1,minutes,-173.379,0
06/21/2022,Steps Bonus,StepsBonus,Exercise,-1,minutes,-218.609,0
06/22/2022,Steps Bonus,StepsBonus,Exercise,-1,minutes,-64.2967,0
06/23/2022,Steps Bonus,StepsBonus,Exercise,-1,minutes,-0.0,0
06/24/2022,Steps Bonus,StepsBonus,Exercise,-1,minutes,-220.498,0
06/25/2022,Steps Bonus,StepsBonus,Exercise,-1,minutes,-207.678,0
06/26/2022,Steps Bonus,StepsBonus,Exercise,-1,minutes,-30.8815,0
06/27/2022,Steps Bonus,StepsBonus,Exercise,-1,minutes,-137.066,0
06/28/2022,Steps Bonus,StepsBonus,Exercise,-1,minutes,-112.254,0
06/29/2022,Steps Bonus,StepsBonus,Exercise,-1,minutes,-63.7808,0
06/30/2022,Steps Bonus,StepsBonus,Exercise,-1,minutes,-138.195,0
07/01/2022,Steps Bonus,StepsBonus,Exercise,-1,minutes,-161.128,0
07/02/2022,Steps Bonus,StepsBonus,Exercise,-1,minutes,-206.893,0
07/03/2022,Steps Bonus,StepsBonus,Exercise,-1,minutes,-46.0936,0
07/04/2022,Steps Bonus,StepsBonus,Exercise,-1,minutes,-391.165,0
07/05/2022,Steps Bonus,StepsBonus,Exercise,-1,minutes,-214.651,0
07/06/2022,Steps Bonus,StepsBonus,Exercise,-1,minutes,-38.7924,0
07/07/2022,Steps Bonus,StepsBonus,Exercise,-1,minutes,-18.1031,0
07/08/2022,Steps Bonus,StepsBonus,Exercise,-1,minutes,-369.82,0
07/09/2022,Steps Bonus,StepsBonus,Exercise,-1,minutes,-0.0,0
07/10/2022,Steps Bonus,StepsBonus,Exercise,-1,minutes,-0.0,0
08/28/2022,Steps Bonus,StepsBonus,Exercise,-1,minutes,-181.031,0
08/29/2022,Steps Bonus,StepsBonus,Exercise,-1,minutes,-59.4816,0
08/30/2022,Steps Bonus,StepsBonus,Exercise,-1,minutes,-133.277,0
08/31/2022,Steps Bonus,StepsBonus,Exercise,-1,minutes,-73.9682,0
09/01/2022,Steps Bonus,StepsBonus,Exercise,-1,minutes,-166.428,0
09/02/2022,Steps Bonus,StepsBonus,Exercise,-1,minutes,-150.578,0
09/03/2022,Steps Bonus,StepsBonus,Exercise,-1,minutes,-76.6099,0
09/04/2022,Steps Bonus,StepsBonus,Exercise,-1,minutes,-7.92517,0
09/05/2022,Steps Bonus,StepsBonus,Exercise,-1,minutes,-62.0678,0
09/06/2022,Steps Bonus,StepsBonus,Exercise,-1,minutes,-50.0117,0
09/07/2022,Steps Bonus,StepsBonus,Exercise,-1,minutes,-63.1727,0
09/08/2022,Steps Bonus,StepsBonus,Exercise,-1,minutes,-0.0,0
09/09/2022,Steps Bonus,StepsBonus,Exercise,-1,minutes,-121.081,0
09/10/2022,Steps Bonus,StepsBonus,Exercise,-1,minutes,-42.1151,0
09/11/2022,Steps Bonus,StepsBonus,Exercise,-1,minutes,-52.6439,0
09/12/2022,Steps Bonus,StepsBonus,Exercise,-1,minutes,-34.2186,0
09/13/2022,Steps Bonus,StepsBonus,Exercise,-1,minutes,-52.6439,0
09/14/2022,Steps Bonus,StepsBonus,Exercise,-1,minutes,-73.7015,0
09/15/2022,Steps Bonus,StepsBonus,Exercise,-1,minutes,-155.3,0
09/16/2022,Steps Bonus,StepsBonus,Exercise,-1,minutes,-0.0,0
09/17/2022,Steps Bonus,StepsBonus,Exercise,-1,minutes,-0.0,0
09/18/2022,Steps Bonus,StepsBonus,Exercise,-1,minutes,-96.5102,0
09/19/2022,Steps Bonus,StepsBonus,Exercise,-1,minutes,-57.3844,0
09/20/2022,Steps Bonus,StepsBonus,Exercise,-1,minutes,-41.7341,0
09/21/2022,Steps Bonus,StepsBonus,Exercise,-1,minutes,-62.6012,0
09/22/2022,Steps Bonus,StepsBonus,Exercise,-1,minutes,-0.0,0
09/23/2022,Steps Bonus,StepsBonus,Exercise,-1,minutes,-0.0,0
09/24/2022,Steps Bonus,StepsBonus,Exercise,-1,minutes,-0.0,0
09/25/2022,Steps Bonus,StepsBonus,Exercise,-1,minutes,-0.0,0
09/26/2022,Steps Bonus,StepsBonus,Exercise,-1,minutes,-0.0,0
09/27/2022,Steps Bonus,StepsBonus,Exercise,-1,minutes,-0.0,0
09/28/2022,Steps Bonus,StepsBonus,Exercise,-1,minutes,-57.3844,0
09/29/2022,Steps Bonus,StepsBonus,Exercise,-1,minutes,-0.0,0
09/30/2022,Steps Bonus,StepsBonus,Exercise,-1,minutes,-0.0,0
10/01/2022,Steps Bonus,StepsBonus,Exercise,-1,minutes,-268.663,0
10/02/2022,Steps Bonus,StepsBonus,Exercise,-1,minutes,-459.075,0
10/03/2022,Steps Bonus,StepsBonus,Exercise,-1,minutes,-372.999,0
10/04/2022,Steps Bonus,StepsBonus,Exercise,-1,minutes,-7.82515,0
10/05/2022,Steps Bonus,StepsBonus,Exercise,-1,minutes,-46.9509,0
10/06/2022,Steps Bonus,StepsBonus,Exercise,-1,minutes,-200.845,0
10/07/2022,Steps Bonus,StepsBonus,Exercise,-1,minutes,-99.1185,0
10/08/2022,Steps Bonus,StepsBonus,Exercise,-1,minutes,-271.272,0
10/09/2022,Steps Bonus,StepsBonus,Exercise,-1,minutes,-0.0,0
10/10/2022,Steps Bonus,StepsBonus,Exercise,-1,minutes,-0.0,0
10/11/2022,Steps Bonus,StepsBonus,Exercise,-1,minutes,-0.0,0
10/11/2022,Google Fit Workout,GoogleFit,Exercise,10,minutes,-0.0,4
10/11/2022,Google Fit Workout,GoogleFit,Exercise,30,minutes,-0.0,4
10/11/2022,Google Fit Workout,GoogleFit,Exercise,15,minutes,-0.0,4
10/12/2022,Steps Bonus,StepsBonus,Exercise,-1,minutes,-60.6135,0
10/13/2022,Steps Bonus,StepsBonus,Exercise,-1,minutes,-81.6965,0
10/14/2022,Steps Bonus,StepsBonus,Exercise,-1,minutes,-81.2536,0
10/15/2022,Steps Bonus,StepsBonus,Exercise,-1,minutes,-0.0,0
10/16/2022,Steps Bonus,StepsBonus,Exercise,-1,minutes,-23.6755,0
10/17/2022,Steps Bonus,StepsBonus,Exercise,-1,minutes,-57.6638,0
10/18/2022,Steps Bonus,StepsBonus,Exercise,-1,minutes,-86.0766,0
10/19/2022,Steps Bonus,StepsBonus,Exercise,-1,minutes,-0.0,0
10/20/2022,Steps Bonus,StepsBonus,Exercise,-1,minutes,-0.0,0
10/21/2022,Steps Bonus,StepsBonus,Exercise,-1,minutes,-0.0,0
10/22/2022,Steps Bonus,StepsBonus,Exercise,-1,minutes,-33.9915,0
10/23/2022,Steps Bonus,StepsBonus,Exercise,-1,minutes,-36.7174,0
10/24/2022,Steps Bonus,StepsBonus,Exercise,-1,minutes,-0.0,0
10/25/2022,Steps Bonus,StepsBonus,Exercise,-1,minutes,-73.0347,0
10/26/2022,Steps Bonus,StepsBonus,Exercise,-1,minutes,-46.9509,0
10/27/2022,Steps Bonus,StepsBonus,Exercise,-1,minutes,-106.423,0
10/28/2022,Steps Bonus,StepsBonus,Exercise,-1,minutes,-0.0,0
10/29/2022,Steps Bonus,StepsBonus,Exercise,-1,minutes,-218.171,0
10/30/2022,Steps Bonus,StepsBonus,Exercise,-1,minutes,-18.2365,0
10/31/2022,Steps Bonus,StepsBonus,Exercise,-1,minutes,-94.1875,0
11/01/2022,Steps Bonus,StepsBonus,Exercise,-1,minutes,-90.96,0
11/02/2022,Steps Bonus,StepsBonus,Exercise,-1,minutes,-0.0,0
11/03/2022,Steps Bonus,StepsBonus,Exercise,-1,minutes,-12.9546,0
11/04/2022,Steps Bonus,StepsBonus,Exercise,-1,minutes,-28.6573,0
11/05/2022,Steps Bonus,StepsBonus,Exercise,-1,minutes,-2.58139,0
11/06/2022,Steps Bonus,StepsBonus,Exercise,-1,minutes,-0.0,0
11/07/2022,Steps Bonus,StepsBonus,Exercise,-1,minutes,-20.9179,0
11/08/2022,Steps Bonus,StepsBonus,Exercise,-1,minutes,-66.8686,0
01/11/2023,Steps Bonus,StepsBonus,Exercise,-1,minutes,-0.0,0
01/12/2023,Steps Bonus,StepsBonus,Exercise,-1,minutes,-0.0,0
01/13/2023,Steps Bonus,StepsBonus,Exercise,-1,minutes,-13.5102,0
01/14/2023,Steps Bonus,StepsBonus,Exercise,-1,minutes,-0.0,0
01/15/2023,Steps Bonus,StepsBonus,Exercise,-1,minutes,-29.7225,0
01/16/2023,Steps Bonus,StepsBonus,Exercise,-1,minutes,-0.0,0
01/17/2023,Steps Bonus,StepsBonus,Exercise,-1,minutes,-0.0,0
01/18/2023,Steps Bonus,StepsBonus,Exercise,-1,minutes,-0.0,0
01/19/2023,Steps Bonus,StepsBonus,Exercise,-1,minutes,-16.2123,0
01/20/2023,Steps Bonus,StepsBonus,Exercise,-1,minutes,-0.0,0
01/21/2023,Steps Bonus,StepsBonus,Exercise,-1,minutes,-0.0,0
01/22/2023,Steps Bonus,StepsBonus,Exercise,-1,minutes,-0.0,0
01/23/2023,Steps Bonus,StepsBonus,Exercise,-1,minutes,-0.0,0
01/24/2023,Steps Bonus,StepsBonus,Exercise,-1,minutes,-0.0,0
01/25/2023,Steps Bonus,StepsBonus,Exercise,-1,minutes,-43.2328,0
01/26/2023,Steps Bonus,StepsBonus,Exercise,-1,minutes,-0.0,0
01/27/2023,Steps Bonus,StepsBonus,Exercise,-1,minutes,-0.0,0
01/28/2023,Steps Bonus,StepsBonus,Exercise,-1,minutes,-175.633,0
01/29/2023,Steps Bonus,StepsBonus,Exercise,-1,minutes,-10.8082,0
01/30/2023,Steps Bonus,StepsBonus,Exercise,-1,minutes,-40.5307,0
01/31/2023,Steps Bonus,StepsBonus,Exercise,-1,minutes,-59.4451,0
02/01/2023,Steps Bonus,StepsBonus,Exercise,-1,minutes,-0.0,0
02/02/2023,Steps Bonus,StepsBonus,Exercise,-1,minutes,-102.678,0
02/03/2023,Steps Bonus,StepsBonus,Exercise,-1,minutes,-0.0,0
02/04/2023,Steps Bonus,StepsBonus,Exercise,-1,minutes,-0.0,0
02/05/2023,Steps Bonus,StepsBonus,Exercise,-1,minutes,-0.0,0
02/07/2023,Steps Bonus,StepsBonus,Exercise,-1,minutes,-70.2533,0
02/08/2023,Steps Bonus,StepsBonus,Exercise,-1,minutes,-0.0,0
02/09/2023,Steps Bonus,StepsBonus,Exercise,-1,minutes,-0.0,0
02/10/2023,Steps Bonus,StepsBonus,Exercise,-1,minutes,-0.0,0
02/11/2023,Steps Bonus,StepsBonus,Exercise,-1,minutes,-0.0,0
02/12/2023,Steps Bonus,StepsBonus,Exercise,-1,minutes,-0.0,0
02/13/2023,Steps Bonus,StepsBonus,Exercise,-1,minutes,-24.3184,0
02/14/2023,Steps Bonus,StepsBonus,Exercise,-1,minutes,-45.9348,0
02/15/2023,Steps Bonus,StepsBonus,Exercise,-1,minutes,-21.6164,0
02/16/2023,Steps Bonus,StepsBonus,Exercise,-1,minutes,-89.1676,0
02/17/2023,Steps Bonus,StepsBonus,Exercise,-1,minutes,-0.0,0
02/18/2023,Steps Bonus,StepsBonus,Exercise,-1,minutes,-137.805,0
02/19/2023,Steps Bonus,StepsBonus,Exercise,-1,minutes,-121.592,0
02/20/2023,Steps Bonus,StepsBonus,Exercise,-1,minutes,-0.0,0
02/21/2023,Steps Bonus,StepsBonus,Exercise,-1,minutes,-32.4246,0
02/22/2023,Steps Bonus,StepsBonus,Exercise,-1,minutes,-0.0,0
02/23/2023,Steps Bonus,StepsBonus,Exercise,-1,minutes,-75.6574,0
02/24/2023,Steps Bonus,StepsBonus,Exercise,-1,minutes,-32.4246,0
02/25/2023,Steps Bonus,StepsBonus,Exercise,-1,minutes,-0.0,0
02/26/2023,Steps Bonus,StepsBonus,Exercise,-1,minutes,-162.123,0
02/27/2023,Steps Bonus,StepsBonus,Exercise,-1,minutes,-0.0,0
02/28/2023,Steps Bonus,StepsBonus,Exercise,-1,minutes,-0.0,0
03/12/2023,Steps Bonus,StepsBonus,Exercise,-1,minutes,-0.0,0
03/13/2023,Steps Bonus,StepsBonus,Exercise,-1,minutes,-105.999,0
03/14/2023,Steps Bonus,StepsBonus,Exercise,-1,minutes,-93.516,0
03/15/2023,Steps Bonus,StepsBonus,Exercise,-1,minutes,-61.4534,0
03/16/2023,Steps Bonus,StepsBonus,Exercise,-1,minutes,-173.673,0
03/17/2023,Steps Bonus,StepsBonus,Exercise,-1,minutes,-0.0,0
03/18/2023,Steps Bonus,StepsBonus,Exercise,-1,minutes,-68.4371,0
03/19/2023,Steps Bonus,StepsBonus,Exercise,-1,minutes,-0.0,0
04/05/2023,Steps Bonus,StepsBonus,Exercise,-1,minutes,-0.0,0
04/06/2023,Steps Bonus,StepsBonus,Exercise,-1,minutes,-34.8996,0
04/07/2023,Steps Bonus,StepsBonus,Exercise,-1,minutes,-139.598,0
04/08/2023,Steps Bonus,StepsBonus,Exercise,-1,minutes,-327.52,0
04/09/2023,Steps Bonus,StepsBonus,Exercise,-1,minutes,-110.068,0
04/10/2023,Steps Bonus,StepsBonus,Exercise,-1,minutes,-61.7455,0
04/11/2023,Steps Bonus,StepsBonus,Exercise,-1,minutes,-0.0,0
04/12/2023,Steps Bonus,StepsBonus,Exercise,-1,minutes,-83.2222,0
04/13/2023,Steps Bonus,StepsBonus,Exercise,-1,minutes,-0.0,0
04/14/2023,Steps Bonus,StepsBonus,Exercise,-1,minutes,-142.536,0
04/15/2023,Steps Bonus,StepsBonus,Exercise,-1,minutes,-0.0,0
04/16/2023,Steps Bonus,StepsBonus,Exercise,-1,minutes,-0.0,0
04/17/2023,Steps Bonus,StepsBonus,Exercise,-1,minutes,-26.8935,0
04/18/2023,Steps Bonus,StepsBonus,Exercise,-1,minutes,-8.06805,0
04/19/2023,Steps Bonus,StepsBonus,Exercise,-1,minutes,-0.0,0
04/20/2023,Steps Bonus,StepsBonus,Exercise,-1,minutes,-0.0,0
04/21/2023,Steps Bonus,StepsBonus,Exercise,-1,minutes,-0.0,0
04/22/2023,Steps Bonus,StepsBonus,Exercise,-1,minutes,-0.0,0
04/23/2023,Steps Bonus,StepsBonus,Exercise,-1,minutes,-0.0,0
04/24/2023,Steps Bonus,StepsBonus,Exercise,-1,minutes,-10.4843,0
04/25/2023,Steps Bonus,StepsBonus,Exercise,-1,minutes,-7.86325,0
04/26/2023,Steps Bonus,StepsBonus,Exercise,-1,minutes,-23.5898,0
04/27/2023,Steps Bonus,StepsBonus,Exercise,-1,minutes,-306.667,0
04/28/2023,Steps Bonus,StepsBonus,Exercise,-1,minutes,-167.749,0
04/29/2023,Steps Bonus,StepsBonus,Exercise,-1,minutes,-47.1795,0
04/30/2023,Steps Bonus,StepsBonus,Exercise,-1,minutes,-10.4843,0
05/01/2023,Steps Bonus,StepsBonus,Exercise,-1,minutes,-0.0,0
05/02/2023,Steps Bonus,StepsBonus,Exercise,-1,minutes,-28.8319,0
05/03/2023,Steps Bonus,StepsBonus,Exercise,-1,minutes,-55.0428,0
05/04/2023,Steps Bonus,StepsBonus,Exercise,-1,minutes,-0.0,0
05/05/2023,Steps Bonus,StepsBonus,Exercise,-1,minutes,-0.0,0
05/06/2023,Steps Bonus,StepsBonus,Exercise,-1,minutes,-178.234,0
05/07/2023,Steps Bonus,StepsBonus,Exercise,-1,minutes,-0.0,0
05/08/2023,Steps Bonus,StepsBonus,Exercise,-1,minutes,-5.24217,0
05/09/2023,Steps Bonus,StepsBonus,Exercise,-1,minutes,-7.86325,0
05/10/2023,Steps Bonus,StepsBonus,Exercise,-1,minutes,-18.3476,0
05/11/2023,Steps Bonus,StepsBonus,Exercise,-1,minutes,-0.0,0
05/12/2023,Steps Bonus,StepsBonus,Exercise,-1,minutes,-83.8747,0
05/13/2023,Steps Bonus,StepsBonus,Exercise,-1,minutes,-49.8006,0
05/14/2023,Steps Bonus,StepsBonus,Exercise,-1,minutes,-0.0,0
05/15/2023,Steps Bonus,StepsBonus,Exercise,-1,minutes,-13.1054,0
05/16/2023,Steps Bonus,StepsBonus,Exercise,-1,minutes,-0.0,0
05/17/2023,Steps Bonus,StepsBonus,Exercise,-1,minutes,-0.0,0
05/18/2023,Steps Bonus,StepsBonus,Exercise,-1,minutes,-0.0,0
05/19/2023,Steps Bonus,StepsBonus,Exercise,-1,minutes,-0.0,0
05/20/2023,Steps Bonus,StepsBonus,Exercise,-1,minutes,-94.359,0
05/21/2023,Steps Bonus,StepsBonus,Exercise,-1,minutes,-0.0,0
05/22/2023,Steps Bonus,StepsBonus,Exercise,-1,minutes,-7.86325,0
05/23/2023,Steps Bonus,StepsBonus,Exercise,-1,minutes,-131.054,0
05/24/2023,Steps Bonus,StepsBonus,Exercise,-1,minutes,-91.7379,0
05/25/2023,Steps Bonus,StepsBonus,Exercise,-1,minutes,-47.1795,0
05/26/2023,Steps Bonus,StepsBonus,Exercise,-1,minutes,-0.0,0
05/27/2023,Steps Bonus,StepsBonus,Exercise,-1,minutes,-201.823,0
05/28/2023,Steps Bonus,StepsBonus,Exercise,-1,minutes,-165.128,0
05/29/2023,Steps Bonus,StepsBonus,Exercise,-1,minutes,-154.644,0
05/30/2023,Steps Bonus,StepsBonus,Exercise,-1,minutes,-0.0,0
05/31/2023,Steps Bonus,StepsBonus,Exercise,-1,minutes,-0.0,0
06/01/2023,Steps Bonus,StepsBonus,Exercise,-1,minutes,-49.8006,0
06/02/2023,Steps Bonus,StepsBonus,Exercise,-1,minutes,-0.0,0
06/04/2023,Steps Bonus,StepsBonus,Exercise,-1,minutes,-0.0,0
06/05/2023,Steps Bonus,StepsBonus,Exercise,-1,minutes,-2.62108,0
06/06/2023,Steps Bonus,StepsBonus,Exercise,-1,minutes,-133.675,0
06/07/2023,Steps Bonus,StepsBonus,Exercise,-1,minutes,-0.0,0
06/09/2023,Steps Bonus,StepsBonus,Exercise,-1,minutes,-15.7265,0
06/10/2023,Steps Bonus,StepsBonus,Exercise,-1,minutes,-0.0,0
06/11/2023,Steps Bonus,StepsBonus,Exercise,-1,minutes,-0.0,0
06/12/2023,Steps Bonus,StepsBonus,Exercise,-1,minutes,-330.257,0
06/13/2023,Steps Bonus,StepsBonus,Exercise,-1,minutes,-28.8319,0
06/14/2023,Steps Bonus,StepsBonus,Exercise,-1,minutes,-13.1054,0
06/15/2023,Steps Bonus,StepsBonus,Exercise,-1,minutes,-0.0,0
06/16/2023,Steps Bonus,StepsBonus,Exercise,-1,minutes,-91.7379,0
06/17/2023,Steps Bonus,StepsBonus,Exercise,-1,minutes,-2.62108,0
06/18/2023,Steps Bonus,StepsBonus,Exercise,-1,minutes,-0.0,0
06/19/2023,Steps Bonus,StepsBonus,Exercise,-1,minutes,-0.0,0
06/20/2023,Steps Bonus,StepsBonus,Exercise,-1,minutes,-0.0,0
06/21/2023,Steps Bonus,StepsBonus,Exercise,-1,minutes,-89.1168,0
06/22/2023,Steps Bonus,StepsBonus,Exercise,-1,minutes,-0.0,0
06/23/2023,Steps Bonus,StepsBonus,Exercise,-1,minutes,-0.0,0
06/24/2023,Steps Bonus,StepsBonus,Exercise,-1,minutes,-34.0741,0
06/25/2023,Steps Bonus,StepsBonus,Exercise,-1,minutes,-178.234,0
06/27/2023,Steps Bonus,StepsBonus,Exercise,-1,minutes,-65.5271,0
06/28/2023,Steps Bonus,StepsBonus,Exercise,-1,minutes,-83.8747,0
06/29/2023,Steps Bonus,StepsBonus,Exercise,-1,minutes,-0.0,0
06/30/2023,Steps Bonus,StepsBonus,Exercise,-1,minutes,-0.0,0
07/01/2023,Steps Bonus,StepsBonus,Exercise,-1,minutes,-94.359,0
07/02/2023,Steps Bonus,StepsBonus,Exercise,-1,minutes,-39.3163,0
07/03/2023,Steps Bonus,StepsBonus,Exercise,-1,minutes,-0.0,0
07/05/2023,Steps Bonus,StepsBonus,Exercise,-1,minutes,-0.0,0
07/07/2023,Steps Bonus,StepsBonus,Exercise,-1,minutes,-123.191,0
07/09/2023,Steps Bonus,StepsBonus,Exercise,-1,minutes,-123.191,0
07/10/2023,Steps Bonus,StepsBonus,Exercise,-1,minutes,-0.0,0
07/12/2023,Steps Bonus,StepsBonus,Exercise,-1,minutes,-117.949,0
07/13/2023,Steps Bonus,StepsBonus,Exercise,-1,minutes,-238.519,0
07/14/2023,Steps Bonus,StepsBonus,Exercise,-1,minutes,-49.8006,0
07/15/2023,Steps Bonus,StepsBonus,Exercise,-1,minutes,-0.0,0
07/16/2023,Steps Bonus,StepsBonus,Exercise,-1,minutes,-28.8319,0
07/18/2023,Steps Bonus,StepsBonus,Exercise,-1,minutes,-0.0,0
07/20/2023,Steps Bonus,StepsBonus,Exercise,-1,minutes,-0.0,0
07/21/2023,Steps Bonus,StepsBonus,Exercise,-1,minutes,-78.6325,0
07/22/2023,Steps Bonus,StepsBonus,Exercise,-1,minutes,-0.0,0
07/23/2023,Steps Bonus,StepsBonus,Exercise,-1,minutes,-0.0,0
07/25/2023,Steps Bonus,StepsBonus,Exercise,-1,minutes,-207.066,0
07/27/2023,Steps Bonus,StepsBonus,Exercise,-1,minutes,-138.917,0
07/28/2023,Steps Bonus,StepsBonus,Exercise,-1,minutes,-377.436,0
07/30/2023,Steps Bonus,StepsBonus,Exercise,-1,minutes,-0.0,0
08/01/2023,Steps Bonus,StepsBonus,Exercise,-1,minutes,-165.128,0
08/02/2023,Steps Bonus,StepsBonus,Exercise,-1,minutes,-112.707,0
08/03/2023,Steps Bonus,StepsBonus,Exercise,-1,minutes,-57.6638,0
08/04/2023,Steps Bonus,StepsBonus,Exercise,-1,minutes,-26.2108,0
08/06/2023,Steps Bonus,StepsBonus,Exercise,-1,minutes,-0.0,0
08/07/2023,Steps Bonus,StepsBonus,Exercise,-1,minutes,-78.6325,0
08/08/2023,Steps Bonus,StepsBonus,Exercise,-1,minutes,-301.425,0
08/09/2023,Steps Bonus,StepsBonus,Exercise,-1,minutes,-152.023,0
08/10/2023,Steps Bonus,StepsBonus,Exercise,-1,minutes,-26.2108,0
08/11/2023,Steps Bonus,StepsBonus,Exercise,-1,minutes,-235.898,0
08/12/2023,Steps Bonus,StepsBonus,Exercise,-1,minutes,-463.932,0
08/13/2023,Steps Bonus,StepsBonus,Exercise,-1,minutes,-0.0,0
08/14/2023,Steps Bonus,StepsBonus,Exercise,-1,minutes,-0.0,0
08/15/2023,Steps Bonus,StepsBonus,Exercise,-1,minutes,-0.0,0
11/26/2023,Steps Bonus,StepsBonus,Exercise,-1,minutes,-133.436,0
11/27/2023,Steps Bonus,StepsBonus,Exercise,-1,minutes,-74.7239,0
11/28/2023,Steps Bonus,StepsBonus,Exercise,-1,minutes,-95.5021,0
11/29/2023,Steps Bonus,StepsBonus,Exercise,-1,minutes,-53.3742,0
11/30/2023,Steps Bonus,StepsBonus,Exercise,-1,minutes,-0.0,0
12/01/2023,Steps Bonus,StepsBonus,Exercise,-1,minutes,-0.0,0
12/02/2023,Steps Bonus,StepsBonus,Exercise,-1,minutes,-61.0152,0
12/03/2023,Steps Bonus,StepsBonus,Exercise,-1,minutes,-0.0,0
12/04/2023,Steps Bonus,StepsBonus,Exercise,-1,minutes,-0.0,0
12/05/2023,Steps Bonus,StepsBonus,Exercise,-1,minutes,-7.95851,0
12/06/2023,Steps Bonus,StepsBonus,Exercise,-1,minutes,-0.0,0
12/07/2023,Steps Bonus,StepsBonus,Exercise,-1,minutes,-7.95851,0
12/08/2023,Steps Bonus,StepsBonus,Exercise,-1,minutes,-108.766,0
12/09/2023,Steps Bonus,StepsBonus,Exercise,-1,minutes,-13.2642,0
12/10/2023,Steps Bonus,StepsBonus,Exercise,-1,minutes,-24.0184,0
12/11/2023,Steps Bonus,StepsBonus,Exercise,-1,minutes,-85.3987,0
12/12/2023,Steps Bonus,StepsBonus,Exercise,-1,minutes,-74.7239,0
12/13/2023,Steps Bonus,StepsBonus,Exercise,-1,minutes,-210.828,0
12/14/2023,Steps Bonus,StepsBonus,Exercise,-1,minutes,-10.6748,0
12/15/2023,Steps Bonus,StepsBonus,Exercise,-1,minutes,-0.0,0
12/16/2023,Steps Bonus,StepsBonus,Exercise,-1,minutes,-82.73,0
12/17/2023,Steps Bonus,StepsBonus,Exercise,-1,minutes,-0.0,0
12/18/2023,Steps Bonus,StepsBonus,Exercise,-1,minutes,-0.0,0
12/19/2023,Steps Bonus,StepsBonus,Exercise,-1,minutes,-0.0,0
12/20/2023,Steps Bonus,StepsBonus,Exercise,-1,minutes,-45.3681,0
12/21/2023,Steps Bonus,StepsBonus,Exercise,-1,minutes,-50.7055,0
12/22/2023,Steps Bonus,StepsBonus,Exercise,-1,minutes,-93.4049,0
12/23/2023,Steps Bonus,StepsBonus,Exercise,-1,minutes,-0.0,0
12/24/2023,Steps Bonus,StepsBonus,Exercise,-1,minutes,-0.0,0
12/25/2023,Steps Bonus,StepsBonus,Exercise,-1,minutes,-0.0,0
12/26/2023,Steps Bonus,StepsBonus,Exercise,-1,minutes,-0.0,0
12/27/2023,Steps Bonus,StepsBonus,Exercise,-1,minutes,-16.0123,0
12/28/2023,Steps Bonus,StepsBonus,Exercise,-1,minutes,-26.6871,0
12/29/2023,Steps Bonus,StepsBonus,Exercise,-1,minutes,-13.3436,0
12/30/2023,Steps Bonus,StepsBonus,Exercise,-1,minutes,-0.0,0
12/31/2023,Steps Bonus,StepsBonus,Exercise,-1,minutes,-8.00613,0
01/01/2024,Steps Bonus,StepsBonus,Exercise,-1,minutes,-16.0123,0
01/02/2024,Steps Bonus,StepsBonus,Exercise,-1,minutes,-8.00613,0
01/03/2024,Steps Bonus,StepsBonus,Exercise,-1,minutes,-0.0,0
01/04/2024,Steps Bonus,StepsBonus,Exercise,-1,minutes,-0.0,0
01/05/2024,Steps Bonus,StepsBonus,Exercise,-1,minutes,-0.0,0
01/06/2024,Steps Bonus,StepsBonus,Exercise,-1,minutes,-0.0,0
01/07/2024,Steps Bonus,StepsBonus,Exercise,-1,minutes,-5.33742,0
01/08/2024,Steps Bonus,StepsBonus,Exercise,-1,minutes,-93.4049,0
01/09/2024,Steps Bonus,StepsBonus,Exercise,-1,minutes,-56.0429,0
01/10/2024,Steps Bonus,StepsBonus,Exercise,-1,minutes,-0.0,0
01/11/2024,Steps Bonus,StepsBonus,Exercise,-1,minutes,-80.0613,0
01/12/2024,Steps Bonus,StepsBonus,Exercise,-1,minutes,-0.0,0
01/13/2024,Steps Bonus,StepsBonus,Exercise,-1,minutes,-0.0,0
01/14/2024,Steps Bonus,StepsBonus,Exercise,-1,minutes,-0.0,0
01/15/2024,Steps Bonus,StepsBonus,Exercise,-1,minutes,-0.0,0
01/16/2024,Steps Bonus,StepsBonus,Exercise,-1,minutes,-43.7408,0
01/17/2024,Steps Bonus,StepsBonus,Exercise,-1,minutes,-0.0,0
01/18/2024,Steps Bonus,StepsBonus,Exercise,-1,minutes,-27.1475,0
01/19/2024,Steps Bonus,StepsBonus,Exercise,-1,minutes,-40.5307,0
01/20/2024,Steps Bonus,StepsBonus,Exercise,-1,minutes,-0.0,0
01/21/2024,Steps Bonus,StepsBonus,Exercise,-1,minutes,-0.0,0
01/22/2024,Steps Bonus,StepsBonus,Exercise,-1,minutes,-91.8697,0
01/23/2024,Steps Bonus,StepsBonus,Exercise,-1,minutes,-75.6574,0
01/24/2024,Steps Bonus,StepsBonus,Exercise,-1,minutes,-0.0,0
01/25/2024,Steps Bonus,StepsBonus,Exercise,-1,minutes,-51.1278,0
01/26/2024,Steps Bonus,StepsBonus,Exercise,-1,minutes,-56.2096,0
01/27/2024,Steps Bonus,StepsBonus,Exercise,-1,minutes,-0.0,0
01/28/2024,Steps Bonus,StepsBonus,Exercise,-1,minutes,-165.952,0
01/29/2024,Steps Bonus,StepsBonus,Exercise,-1,minutes,-64.4682,0
01/30/2024,Steps Bonus,StepsBonus,Exercise,-1,minutes,-40.2926,0
01/31/2024,Steps Bonus,StepsBonus,Exercise,-1,minutes,-0.0,0
02/01/2024,Steps Bonus,StepsBonus,Exercise,-1,minutes,-53.7235,0
02/02/2024,Steps Bonus,StepsBonus,Exercise,-1,minutes,-2.66871,0
02/03/2024,Steps Bonus,StepsBonus,Exercise,-1,minutes,-101.411,0
02/04/2024,Steps Bonus,StepsBonus,Exercise,-1,minutes,-0.0,0
02/05/2024,Steps Bonus,StepsBonus,Exercise,-1,minutes,-68.1069,0
02/06/2024,Steps Bonus,StepsBonus,Exercise,-1,minutes,-124.012,0
02/07/2024,Steps Bonus,StepsBonus,Exercise,-1,minutes,-0.0,0
02/08/2024,Steps Bonus,StepsBonus,Exercise,-1,minutes,-84.8907,0
02/09/2024,Steps Bonus,StepsBonus,Exercise,-1,minutes,-0.0,0
02/10/2024,Steps Bonus,StepsBonus,Exercise,-1,minutes,-60.577,0
02/11/2024,Steps Bonus,StepsBonus,Exercise,-1,minutes,-0.0,0
02/12/2024,Steps Bonus,StepsBonus,Exercise,-1,minutes,-0.0,0
02/13/2024,Steps Bonus,StepsBonus,Exercise,-1,minutes,-100.385,0
02/14/2024,Steps Bonus,StepsBonus,Exercise,-1,minutes,-63.4013,0
02/15/2024,Steps Bonus,StepsBonus,Exercise,-1,minutes,-113.594,0
02/16/2024,Steps Bonus,StepsBonus,Exercise,-1,minutes,-0.0,0
02/17/2024,Steps Bonus,StepsBonus,Exercise,-1,minutes,-0.0,0
02/18/2024,Steps Bonus,StepsBonus,Exercise,-1,minutes,-158.503,0
02/19/2024,Steps Bonus,StepsBonus,Exercise,-1,minutes,-52.8344,0
02/20/2024,Steps Bonus,StepsBonus,Exercise,-1,minutes,-0.0,0
02/21/2024,Steps Bonus,StepsBonus,Exercise,-1,minutes,-0.0,0
02/22/2024,Steps Bonus,StepsBonus,Exercise,-1,minutes,-0.0,0
02/23/2024,Steps Bonus,StepsBonus,Exercise,-1,minutes,-21.1338,0
02/24/2024,Steps Bonus,StepsBonus,Exercise,-1,minutes,-0.0,0
02/25/2024,Steps Bonus,StepsBonus,Exercise,-1,minutes,-0.0,0
02/26/2024,Steps Bonus,StepsBonus,Exercise,-1,minutes,-79.8708,0
02/27/2024,Steps Bonus,StepsBonus,Exercise,-1,minutes,-29.286,0
02/28/2024,Steps Bonus,StepsBonus,Exercise,-1,minutes,-0.0,0
02/29/2024,Steps Bonus,StepsBonus,Exercise,-1,minutes,-71.8837,0
03/01/2024,Steps Bonus,StepsBonus,Exercise,-1,minutes,-0.0,0
03/02/2024,Steps Bonus,StepsBonus,Exercise,-1,minutes,-31.815,0
03/03/2024,Steps Bonus,StepsBonus,Exercise,-1,minutes,-0.0,0
03/04/2024,Steps Bonus,StepsBonus,Exercise,-1,minutes,-0.0,0
03/05/2024,Steps Bonus,StepsBonus,Exercise,-1,minutes,-82.1887,0
03/06/2024,Steps Bonus,StepsBonus,Exercise,-1,minutes,-0.0,0
03/07/2024,Steps Bonus,StepsBonus,Exercise,-1,minutes,-60.6866,0
03/08/2024,Steps Bonus,StepsBonus,Exercise,-1,minutes,-50.3737,0
03/09/2024,Steps Bonus,StepsBonus,Exercise,-1,minutes,-0.0,0
03/10/2024,Steps Bonus,StepsBonus,Exercise,-1,minutes,-0.0,0
03/11/2024,Steps Bonus,StepsBonus,Exercise,-1,minutes,-81.795,0
03/12/2024,Steps Bonus,StepsBonus,Exercise,-1,minutes,-65.9637,0
03/13/2024,Steps Bonus,StepsBonus,Exercise,-1,minutes,-0.0,0
03/14/2024,Steps Bonus,StepsBonus,Exercise,-1,minutes,-0.0,0
03/15/2024,Steps Bonus,StepsBonus,Exercise,-1,minutes,-23.5898,0
03/16/2024,Steps Bonus,StepsBonus,Exercise,-1,minutes,-396.982,0
03/17/2024,Steps Bonus,StepsBonus,Exercise,-1,minutes,-15.8599,0
03/18/2024,Steps Bonus,StepsBonus,Exercise,-1,minutes,-84.5859,0
03/19/2024,Steps Bonus,StepsBonus,Exercise,-1,minutes,-116.306,0
03/20/2024,Steps Bonus,StepsBonus,Exercise,-1,minutes,-0.0,0
03/21/2024,Steps Bonus,StepsBonus,Exercise,-1,minutes,-90.96,0
03/22/2024,Steps Bonus,StepsBonus,Exercise,-1,minutes,-129.522,0
03/23/2024,Steps Bonus,StepsBonus,Exercise,-1,minutes,-314.554,0
03/24/2024,Steps Bonus,StepsBonus,Exercise,-1,minutes,-169.172,0
03/25/2024,Steps Bonus,StepsBonus,Exercise,-1,minutes,-163.885,0
03/26/2024,Steps Bonus,StepsBonus,Exercise,-1,minutes,-95.1591,0
03/27/2024,Steps Bonus,StepsBonus,Exercise,-1,minutes,-0.0,0
03/28/2024,Steps Bonus,StepsBonus,Exercise,-1,minutes,-79.2993,0
03/29/2024,Steps Bonus,StepsBonus,Exercise,-1,minutes,-0.0,0
03/30/2024,Steps Bonus,StepsBonus,Exercise,-1,minutes,-129.522,0
03/31/2024,Steps Bonus,StepsBonus,Exercise,-1,minutes,-62.3726,0
04/01/2024,Steps Bonus,StepsBonus,Exercise,-1,minutes,-57.1749,0
04/02/2024,Steps Bonus,StepsBonus,Exercise,-1,minutes,-0.0,0
04/03/2024,Steps Bonus,StepsBonus,Exercise,-1,minutes,-0.0,0
04/04/2024,Steps Bonus,StepsBonus,Exercise,-1,minutes,-7.79657,0
04/05/2024,Steps Bonus,StepsBonus,Exercise,-1,minutes,-0.0,0
04/06/2024,Steps Bonus,StepsBonus,Exercise,-1,minutes,-0.0,0
04/07/2024,Steps Bonus,StepsBonus,Exercise,-1,minutes,-0.0,0
04/08/2024,Steps Bonus,StepsBonus,Exercise,-1,minutes,-28.5874,0
04/09/2024,Steps Bonus,StepsBonus,Exercise,-1,minutes,-0.0,0
04/10/2024,Steps Bonus,StepsBonus,Exercise,-1,minutes,-0.0,0
04/11/2024,Steps Bonus,StepsBonus,Exercise,-1,minutes,-0.0,0
04/12/2024,Steps Bonus,StepsBonus,Exercise,-1,minutes,-0.0,0
04/13/2024,Steps Bonus,StepsBonus,Exercise,-1,minutes,-140.338,0
04/14/2024,Steps Bonus,StepsBonus,Exercise,-1,minutes,-80.5646,0
04/15/2024,Steps Bonus,StepsBonus,Exercise,-1,minutes,-109.152,0
04/16/2024,Steps Bonus,StepsBonus,Exercise,-1,minutes,-155.931,0
04/17/2024,Steps Bonus,StepsBonus,Exercise,-1,minutes,-44.1806,0
04/18/2024,Steps Bonus,StepsBonus,Exercise,-1,minutes,-77.9657,0
04/19/2024,Steps Bonus,StepsBonus,Exercise,-1,minutes,-75.3669,0
04/20/2024,Steps Bonus,StepsBonus,Exercise,-1,minutes,-161.129,0
04/21/2024,Steps Bonus,StepsBonus,Exercise,-1,minutes,-163.728,0
04/22/2024,Steps Bonus,StepsBonus,Exercise,-1,minutes,-5.19771,0
04/23/2024,Steps Bonus,StepsBonus,Exercise,-1,minutes,-85.7623,0
04/24/2024,Steps Bonus,StepsBonus,Exercise,-1,minutes,-33.7851,0
04/25/2024,Steps Bonus,StepsBonus,Exercise,-1,minutes,-51.9771,0
04/26/2024,Steps Bonus,StepsBonus,Exercise,-1,minutes,-20.7909,0
04/27/2024,Steps Bonus,StepsBonus,Exercise,-1,minutes,-0.0,0
04/28/2024,Steps Bonus,StepsBonus,Exercise,-1,minutes,-36.384,0
04/29/2024,Steps Bonus,StepsBonus,Exercise,-1,minutes,-0.0,0
04/30/2024,Steps Bonus,StepsBonus,Exercise,-1,minutes,-44.1806,0
05/01/2024,Steps Bonus,StepsBonus,Exercise,-1,minutes,-41.5817,0
05/02/2024,Steps Bonus,StepsBonus,Exercise,-1,minutes,-93.5589,0
05/03/2024,Steps Bonus,StepsBonus,Exercise,-1,minutes,-49.3783,0
05/04/2024,Steps Bonus,StepsBonus,Exercise,-1,minutes,-15.5931,0
05/05/2024,Steps Bonus,StepsBonus,Exercise,-1,minutes,-7.79657,0
05/06/2024,Steps Bonus,StepsBonus,Exercise,-1,minutes,-0.0,0
05/07/2024,Steps Bonus,StepsBonus,Exercise,-1,minutes,-0.0,0
05/08/2024,Steps Bonus,StepsBonus,Exercise,-1,minutes,-0.0,0
05/09/2024,Steps Bonus,StepsBonus,Exercise,-1,minutes,-49.3783,0
05/10/2024,Steps Bonus,StepsBonus,Exercise,-1,minutes,-0.0,0
05/11/2024,Steps Bonus,StepsBonus,Exercise,-1,minutes,-129.943,0
05/12/2024,Steps Bonus,StepsBonus,Exercise,-1,minutes,-267.682,0
05/13/2024,Steps Bonus,StepsBonus,Exercise,-1,minutes,-0.0,0
05/14/2024,Steps Bonus,StepsBonus,Exercise,-1,minutes,-103.954,0
05/15/2024,Steps Bonus,StepsBonus,Exercise,-1,minutes,-0.0,0
05/16/2024,Steps Bonus,StepsBonus,Exercise,-1,minutes,-54.576,0
05/17/2024,Steps Bonus,StepsBonus,Exercise,-1,minutes,-20.7909,0
05/18/2024,Steps Bonus,StepsBonus,Exercise,-1,minutes,-0.0,0
05/19/2024,Steps Bonus,StepsBonus,Exercise,-1,minutes,-93.5589,0
05/20/2024,Steps Bonus,StepsBonus,Exercise,-1,minutes,-145.536,0
05/21/2024,Steps Bonus,StepsBonus,Exercise,-1,minutes,-7.79657,0
05/22/2024,Steps Bonus,StepsBonus,Exercise,-1,minutes,-111.751,0
05/23/2024,Steps Bonus,StepsBonus,Exercise,-1,minutes,-75.3669,0
05/24/2024,Steps Bonus,StepsBonus,Exercise,-1,minutes,-257.287,0
05/25/2024,Steps Bonus,StepsBonus,Exercise,-1,minutes,-485.986,0
05/26/2024,Steps Bonus,StepsBonus,Exercise,-1,minutes,-181.92,0
05/27/2024,Steps Bonus,StepsBonus,Exercise,-1,minutes,-174.123,0
05/28/2024,Steps Bonus,StepsBonus,Exercise,-1,minutes,-142.937,0
05/29/2024,Steps Bonus,StepsBonus,Exercise,-1,minutes,-343.049,0
05/30/2024,Steps Bonus,StepsBonus,Exercise,-1,minutes,-220.903,0
05/31/2024,Steps Bonus,StepsBonus,Exercise,-1,minutes,-582.144,0
06/01/2024,Steps Bonus,StepsBonus,Exercise,-1,minutes,-57.1749,0
06/02/2024,Steps Bonus,StepsBonus,Exercise,-1,minutes,-72.768,0
06/03/2024,Steps Bonus,StepsBonus,Exercise,-1,minutes,-127.344,0
06/04/2024,Steps Bonus,StepsBonus,Exercise,-1,minutes,-0.0,0
06/05/2024,Steps Bonus,StepsBonus,Exercise,-1,minutes,-161.129,0
06/06/2024,Steps Bonus,StepsBonus,Exercise,-1,minutes,-70.1692,0
06/07/2024,Steps Bonus,StepsBonus,Exercise,-1,minutes,-85.7623,0
06/08/2024,Steps Bonus,StepsBonus,Exercise,-1,minutes,-0.0,0
06/09/2024,Steps Bonus,StepsBonus,Exercise,-1,minutes,-0.0,0
06/10/2024,Steps Bonus,StepsBonus,Exercise,-1,minutes,-83.1634,0
06/11/2024,Steps Bonus,StepsBonus,Exercise,-1,minutes,-54.576,0
06/12/2024,Steps Bonus,StepsBonus,Exercise,-1,minutes,-218.304,0
06/13/2024,Steps Bonus,StepsBonus,Exercise,-1,minutes,-114.35,0
06/14/2024,Steps Bonus,StepsBonus,Exercise,-1,minutes,-0.0,0
06/15/2024,Steps Bonus,StepsBonus,Exercise,-1,minutes,-80.5646,0
06/16/2024,Steps Bonus,StepsBonus,Exercise,-1,minutes,-150.734,0
06/17/2024,Steps Bonus,StepsBonus,Exercise,-1,minutes,-127.344,0
06/18/2024,Steps Bonus,StepsBonus,Exercise,-1,minutes,-166.327,0
06/19/2024,Steps Bonus,StepsBonus,Exercise,-1,minutes,-166.327,0
06/20/2024,Steps Bonus,StepsBonus,Exercise,-1,minutes,-88.3612,0
06/21/2024,Steps Bonus,StepsBonus,Exercise,-1,minutes,-23.3897,0
06/22/2024,Steps Bonus,StepsBonus,Exercise,-1,minutes,-176.722,0
06/23/2024,Steps Bonus,StepsBonus,Exercise,-1,minutes,-192.315,0
06/24/2024,Steps Bonus,StepsBonus,Exercise,-1,minutes,-23.3897,0
06/25/2024,Steps Bonus,StepsBonus,Exercise,-1,minutes,-90.96,0
06/26/2024,Steps Bonus,StepsBonus,Exercise,-1,minutes,-0.0,0
06/27/2024,Steps Bonus,StepsBonus,Exercise,-1,minutes,-0.0,0
06/28/2024,Steps Bonus,StepsBonus,Exercise,-1,minutes,-114.35,0
06/29/2024,Steps Bonus,StepsBonus,Exercise,-1,minutes,-59.7737,0
06/30/2024,Steps Bonus,StepsBonus,Exercise,-1,minutes,-111.751,0
07/01/2024,Steps Bonus,StepsBonus,Exercise,-1,minutes,-0.0,0
07/02/2024,Steps Bonus,StepsBonus,Exercise,-1,minutes,-0.0,0
07/03/2024,Steps Bonus,StepsBonus,Exercise,-1,minutes,-7.79657,0
07/04/2024,Steps Bonus,StepsBonus,Exercise,-1,minutes,-132.542,0
07/05/2024,Steps Bonus,StepsBonus,Exercise,-1,minutes,-93.5589,0
07/06/2024,Steps Bonus,StepsBonus,Exercise,-1,minutes,-0.0,0
07/07/2024,Steps Bonus,StepsBonus,Exercise,-1,minutes,-77.9657,0
07/08/2024,Steps Bonus,StepsBonus,Exercise,-1,minutes,-0.0,0
07/09/2024,Steps Bonus,StepsBonus,Exercise,-1,minutes,-0.0,0
07/10/2024,Steps Bonus,StepsBonus,Exercise,-1,minutes,-0.0,0
07/11/2024,Steps Bonus,StepsBonus,Exercise,-1,minutes,-70.1692,0
07/12/2024,Steps Bonus,StepsBonus,Exercise,-1,minutes,-0.0,0
07/13/2024,Steps Bonus,StepsBonus,Exercise,-1,minutes,-75.3669,0
07/14/2024,Steps Bonus,StepsBonus,Exercise,-1,minutes,-67.5703,0
07/15/2024,Steps Bonus,StepsBonus,Exercise,-1,minutes,-0.0,0
07/16/2024,Steps Bonus,StepsBonus,Exercise,-1,minutes,-0.0,0
07/17/2024,Steps Bonus,StepsBonus,Exercise,-1,minutes,-15.5931,0
07/18/2024,Steps Bonus,StepsBonus,Exercise,-1,minutes,-135.141,0
07/19/2024,Steps Bonus,StepsBonus,Exercise,-1,minutes,-33.7851,0
07/20/2024,Steps Bonus,StepsBonus,Exercise,-1,minutes,-88.3612,0
07/21/2024,Steps Bonus,StepsBonus,Exercise,-1,minutes,-88.3612,0
07/22/2024,Steps Bonus,StepsBonus,Exercise,-1,minutes,-0.0,0
07/23/2024,Steps Bonus,StepsBonus,Exercise,-1,minutes,-0.0,0
07/24/2024,Steps Bonus,StepsBonus,Exercise,-1,minutes,-12.9943,0
07/25/2024,Steps Bonus,StepsBonus,Exercise,-1,minutes,-109.152,0
07/26/2024,Steps Bonus,StepsBonus,Exercise,-1,minutes,-0.0,0
07/27/2024,Steps Bonus,StepsBonus,Exercise,-1,minutes,-119.547,0
07/28/2024,Steps Bonus,StepsBonus,Exercise,-1,minutes,-137.739,0
07/29/2024,Steps Bonus,StepsBonus,Exercise,-1,minutes,-64.9714,0
07/30/2024,Steps Bonus,StepsBonus,Exercise,-1,minutes,-153.333,0
07/31/2024,Steps Bonus,StepsBonus,Exercise,-1,minutes,-0.0,0
08/01/2024,Steps Bonus,StepsBonus,Exercise,-1,minutes,-171.525,0
08/02/2024,Steps Bonus,StepsBonus,Exercise,-1,minutes,-0.0,0
08/03/2024,Steps Bonus,StepsBonus,Exercise,-1,minutes,-158.53,0
08/04/2024,Steps Bonus,StepsBonus,Exercise,-1,minutes,-88.3612,0
08/05/2024,Steps Bonus,StepsBonus,Exercise,-1,minutes,-88.3612,0
08/06/2024,Steps Bonus,StepsBonus,Exercise,-1,minutes,-80.5646,0
08/07/2024,Steps Bonus,StepsBonus,Exercise,-1,minutes,-62.3726,0
08/08/2024,Steps Bonus,StepsBonus,Exercise,-1,minutes,-127.344,0
08/09/2024,Steps Bonus,StepsBonus,Exercise,-1,minutes,-33.7851,0
08/10/2024,Steps Bonus,StepsBonus,Exercise,-1,minutes,-54.576,0
08/11/2024,Steps Bonus,StepsBonus,Exercise,-1,minutes,-28.5874,0
08/12/2024,Steps Bonus,StepsBonus,Exercise,-1,minutes,-161.129,0
08/13/2024,Steps Bonus,StepsBonus,Exercise,-1,minutes,-132.542,0
08/14/2024,Steps Bonus,StepsBonus,Exercise,-1,minutes,-38.9829,0
08/15/2024,Steps Bonus,StepsBonus,Exercise,-1,minutes,-171.525,0
08/16/2024,Steps Bonus,StepsBonus,Exercise,-1,minutes,-7.79657,0
08/17/2024,Steps Bonus,StepsBonus,Exercise,-1,minutes,-70.1692,0
08/18/2024,Steps Bonus,StepsBonus,Exercise,-1,minutes,-176.722,0
08/19/2024,Steps Bonus,StepsBonus,Exercise,-1,minutes,-119.547,0
08/20/2024,Steps Bonus,StepsBonus,Exercise,-1,minutes,-64.9714,0
08/21/2024,Steps Bonus,StepsBonus,Exercise,-1,minutes,-0.0,0
08/22/2024,Steps Bonus,StepsBonus,Exercise,-1,minutes,-80.5646,0
08/23/2024,Steps Bonus,StepsBonus,Exercise,-1,minutes,-0.0,0
08/24/2024,Steps Bonus,StepsBonus,Exercise,-1,minutes,-10.3954,0
08/25/2024,Steps Bonus,StepsBonus,Exercise,-1,minutes,-127.344,0
08/26/2024,Steps Bonus,StepsBonus,Exercise,-1,minutes,-93.5589,0
08/27/2024,Steps Bonus,StepsBonus,Exercise,-1,minutes,-0.0,0
08/28/2024,Steps Bonus,StepsBonus,Exercise,-1,minutes,-0.0,0
08/29/2024,Steps Bonus,StepsBonus,Exercise,-1,minutes,-0.0,0
08/30/2024,Steps Bonus,StepsBonus,Exercise,-1,minutes,-0.0,0
08/31/2024,Steps Bonus,StepsBonus,Exercise,-1,minutes,-0.0,0
09/01/2024,Steps Bonus,StepsBonus,Exercise,-1,minutes,-7.79657,0
09/02/2024,Steps Bonus,StepsBonus,Exercise,-1,minutes,-0.0,0
09/03/2024,Steps Bonus,StepsBonus,Exercise,-1,minutes,-18.192,0
09/04/2024,Steps Bonus,StepsBonus,Exercise,-1,minutes,-0.0,0
09/05/2024,Steps Bonus,StepsBonus,Exercise,-1,minutes,-0.0,0
09/06/2024,Steps Bonus,StepsBonus,Exercise,-1,minutes,-51.9771,0
09/07/2024,Steps Bonus,StepsBonus,Exercise,-1,minutes,-77.9657,0
09/08/2024,Steps Bonus,StepsBonus,Exercise,-1,minutes,-137.739,0
09/09/2024,Steps Bonus,StepsBonus,Exercise,-1,minutes,-23.3897,0
09/10/2024,Steps Bonus,StepsBonus,Exercise,-1,minutes,-0.0,0
09/11/2024,Steps Bonus,StepsBonus,Exercise,-1,minutes,-10.3954,0
09/12/2024,Steps Bonus,StepsBonus,Exercise,-1,minutes,-72.768,0
09/13/2024,Steps Bonus,StepsBonus,Exercise,-1,minutes,-0.0,0
09/14/2024,Steps Bonus,StepsBonus,Exercise,-1,minutes,-51.9771,0
09/15/2024,Steps Bonus,StepsBonus,Exercise,-1,minutes,-98.7566,0
09/16/2024,Steps Bonus,StepsBonus,Exercise,-1,minutes,-85.7623,0
09/17/2024,Steps Bonus,StepsBonus,Exercise,-1,minutes,-23.3897,0
09/18/2024,Steps Bonus,StepsBonus,Exercise,-1,minutes,-77.9657,0
09/19/2024,Steps Bonus,StepsBonus,Exercise,-1,minutes,-132.542,0
09/20/2024,Steps Bonus,StepsBonus,Exercise,-1,minutes,-148.135,0
09/21/2024,Steps Bonus,StepsBonus,Exercise,-1,minutes,-132.542,0
09/22/2024,Steps Bonus,StepsBonus,Exercise,-1,minutes,-0.0,0
09/23/2024,Steps Bonus,StepsBonus,Exercise,-1,minutes,-103.954,0
09/24/2024,Steps Bonus,StepsBonus,Exercise,-1,minutes,-0.0,0
09/25/2024,Steps Bonus,StepsBonus,Exercise,-1,minutes,-0.0,0
09/26/2024,Steps Bonus,StepsBonus,Exercise,-1,minutes,-0.0,0
09/27/2024,Steps Bonus,StepsBonus,Exercise,-1,minutes,-0.0,0
09/28/2024,Steps Bonus,StepsBonus,Exercise,-1,minutes,-142.937,0
09/29/2024,Steps Bonus,StepsBonus,Exercise,-1,minutes,-25.9886,0
09/30/2024,Steps Bonus,StepsBonus,Exercise,-1,minutes,-155.931,0
10/01/2024,Steps Bonus,StepsBonus,Exercise,-1,minutes,-153.333,0
10/02/2024,Steps Bonus,StepsBonus,Exercise,-1,minutes,-10.3954,0
10/03/2024,Steps Bonus,StepsBonus,Exercise,-1,minutes,-220.903,0
10/04/2024,Steps Bonus,StepsBonus,Exercise,-1,minutes,-5.19771,0
10/05/2024,Steps Bonus,StepsBonus,Exercise,-1,minutes,-127.344,0
10/06/2024,Steps Bonus,StepsBonus,Exercise,-1,minutes,-257.287,0
10/07/2024,Steps Bonus,StepsBonus,Exercise,-1,minutes,-103.954,0
10/08/2024,Steps Bonus,StepsBonus,Exercise,-1,minutes,-176.722,0
10/09/2024,Steps Bonus,StepsBonus,Exercise,-1,minutes,-0.0,0
11/18/2025,Steps Bonus,StepsBonus,Exercise,-1,minutes,-0.0,0
11/19/2025,Steps Bonus,StepsBonus,Exercise,-1,minutes,-0.0,0
11/20/2025,Steps Bonus,StepsBonus,Exercise,-1,minutes,-96.9055,0
11/21/2025,Steps Bonus,StepsBonus,Exercise,-1,minutes,-126.12,0
11/22/2025,Steps Bonus,StepsBonus,Exercise,-1,minutes,-141.993,0
11/23/2025,Steps Bonus,StepsBonus,Exercise,-1,minutes,-69.2182,0
11/24/2025,Steps Bonus,StepsBonus,Exercise,-1,minutes,-0.0,0
11/25/2025,Steps Bonus,StepsBonus,Exercise,-1,minutes,-0.0,0
11/26/2025,Steps Bonus,StepsBonus,Exercise,-1,minutes,-198.64,0
11/27/2025,Steps Bonus,StepsBonus,Exercise,-1,minutes,-155.103,0
11/28/2025,Steps Bonus,StepsBonus,Exercise,-1,minutes,-132.137,0
11/29/2025,Steps Bonus,StepsBonus,Exercise,-1,minutes,-214.722,0
11/30/2025,Steps Bonus,StepsBonus,Exercise,-1,minutes,-173.43,0
12/01/2025,Steps Bonus,StepsBonus,Exercise,-1,minutes,-0.0,0
12/02/2025,Steps Bonus,StepsBonus,Exercise,-1,minutes,-0.0,0
12/03/2025,Steps Bonus,StepsBonus,Exercise,-1,minutes,-66.0685,0
12/04/2025,Steps Bonus,StepsBonus,Exercise,-1,minutes,-0.0,0
12/05/2025,Steps Bonus,StepsBonus,Exercise,-1,minutes,-49.5513,0
12/06/2025,Steps Bonus,StepsBonus,Exercise,-1,minutes,-168.708,0
12/07/2025,Steps Bonus,StepsBonus,Exercise,-1,minutes,-111.956,0
12/08/2025,Steps Bonus,StepsBonus,Exercise,-1,minutes,-0.0,0
12/09/2025,Steps Bonus,StepsBonus,Exercise,-1,minutes,-0.0,0
12/10/2025,Steps Bonus,StepsBonus,Exercise,-1,minutes,-0.0,0
12/11/2025,Steps Bonus,StepsBonus,Exercise,-1,minutes,-24.2041,0
12/12/2025,Steps Bonus,StepsBonus,Exercise,-1,minutes,-72.9553,0
12/13/2025,Steps Bonus,StepsBonus,Exercise,-1,minutes,-190.944,0
12/14/2025,Steps Bonus,StepsBonus,Exercise,-1,minutes,-131.778,0
12/15/2025,Steps Bonus,StepsBonus,Exercise,-1,minutes,-0.0,0
12/16/2025,Steps Bonus,StepsBonus,Exercise,-1,minutes,-10.7574,0
12/17/2025,Steps Bonus,StepsBonus,Exercise,-1,minutes,-56.4763,0
12/18/2025,Steps Bonus,StepsBonus,Exercise,-1,minutes,-0.0,0
12/19/2025,Steps Bonus,StepsBonus,Exercise,-1,minutes,-0.0,0
12/20/2025,Steps Bonus,StepsBonus,Exercise,-1,minutes,-0.0,0
12/21/2025,Steps Bonus,StepsBonus,Exercise,-1,minutes,-0.0,0
12/22/2025,Steps Bonus,StepsBonus,Exercise,-1,minutes,-0.0,0
12/23/2025,Steps Bonus,StepsBonus,Exercise,-1,minutes,-0.0,0
12/24/2025,Steps Bonus,StepsBonus,Exercise,-1,minutes,-0.0,0
12/25/2025,Steps Bonus,StepsBonus,Exercise,-1,minutes,-18.8254,0
12/26/2025,Steps Bonus,StepsBonus,Exercise,-1,minutes,-13.4467,0
12/27/2025,Steps Bonus,StepsBonus,Exercise,-1,minutes,-0.0,0
12/28/2025,Steps Bonus,StepsBonus,Exercise,-1,minutes,-0.0,0
12/29/2025,Steps Bonus,StepsBonus,Exercise,-1,minutes,-40.3402,0
12/30/2025,Steps Bonus,StepsBonus,Exercise,-1,minutes,-53.787,0
12/31/2025,Steps Bonus,StepsBonus,Exercise,-1,minutes,-0.0,0
01/01/2026,Steps Bonus,StepsBonus,Exercise,-1,minutes,-0.0,0
01/02/2026,Steps Bonus,StepsBonus,Exercise,-1,minutes,-61.855,0
01/03/2026,Steps Bonus,StepsBonus,Exercise,-1,minutes,-32.2722,0
01/04/2026,Steps Bonus,StepsBonus,Exercise,-1,minutes,-43.0296,0
01/05/2026,Steps Bonus,StepsBonus,Exercise,-1,minutes,-0.0,0
01/06/2026,Steps Bonus,StepsBonus,Exercise,-1,minutes,-0.0,0
01/07/2026,Steps Bonus,StepsBonus,Exercise,-1,minutes,-0.0,0
